Date,Lo 30,Med 40,Hi 30,Lo 20,Qnt 2,Qnt 3,Qnt 4,Hi 20,Lo 10,2-Dec,3-Dec,4-Dec,5-Dec,6-Dec,7-Dec,8-Dec,9-Dec,Hi 10
1965-01,4.92,2.7,5.49,4.93,4.55,1.85,5.33,5.41,5.01,4.76,4.91,4.21,2.01,1.79,5.09,5.59,6.99,3.92
1965-02,1.1,0.07,2.03,0.84,1.67,-0.32,0.61,3.08,-0.12,2.95,1.52,1.81,-1.0,-0.05,0.45,0.78,2.9,3.26
1965-03,-0.85,-1.35,-0.92,-1.03,-0.8,-1.48,-0.23,-2.2,-1.62,0.21,-0.55,-1.05,-2.1,-1.24,-1.04,0.62,-2.49,-1.91
1965-04,2.48,3.18,5.29,2.62,2.23,3.55,3.47,5.91,2.44,3.0,2.24,2.23,0.93,4.58,2.39,4.57,4.35,7.4
1965-05,0.39,-0.38,-0.22,0.8,-0.33,-0.47,-0.06,-0.33,1.52,-0.69,-0.27,-0.39,-0.55,-0.44,-0.03,-0.08,-0.41,-0.26
1965-06,-6.14,-4.07,-6.2,-6.34,-5.06,-3.87,-5.16,-6.67,-5.91,-7.25,-5.81,-4.35,-3.01,-4.19,-4.68,-5.64,-6.39,-6.93
1965-07,1.69,1.39,1.92,1.69,1.3,2.29,0.71,3.0,1.35,2.05,1.69,1.02,1.9,2.57,0.82,0.55,1.63,4.3
1965-08,2.54,2.5,4.18,3.04,1.81,3.02,2.91,5.08,2.58,3.52,2.1,1.61,2.98,3.04,2.84,3.01,4.91,5.24
1965-09,4.08,3.06,3.1,4.38,3.99,3.17,2.21,3.42,3.85,4.92,3.81,4.12,2.88,3.38,1.87,2.68,4.06,2.83
1965-10,2.77,2.5,3.47,3.58,3.35,2.32,1.66,4.0,4.0,3.15,2.05,4.28,2.23,2.38,0.87,2.76,3.41,4.56
1965-11,-0.26,-0.86,2.44,1.23,-1.52,0.78,-0.76,3.48,1.13,1.32,-1.6,-1.46,2.12,-0.19,-2.06,1.04,5.21,1.87
1965-12,1.39,1.14,0.95,1.01,1.27,0.96,1.24,1.07,1.31,0.71,1.75,0.93,0.27,1.48,1.58,0.79,2.82,-0.6
1966-01,0.54,0.48,1.55,3.0,-0.74,1.18,0.25,2.49,1.54,4.49,-1.7,-0.05,1.41,1.0,0.24,0.26,2.4,2.58
1966-02,-2.52,-1.5,0.94,-1.45,-2.84,-1.57,-0.96,2.67,-1.78,-1.11,-3.55,-2.35,-1.88,-1.34,-0.54,-1.52,1.54,3.77
1966-03,-1.34,-2.92,-1.07,-2.47,-2.21,-2.78,-2.09,-0.67,-3.89,-1.07,-0.25,-3.58,-3.21,-2.47,-2.39,-1.67,-1.29,-0.08
1966-04,2.09,1.68,3.84,2.13,0.8,1.96,2.67,5.07,0.7,3.49,2.05,-0.09,2.42,1.62,3.17,1.99,4.6,5.51
1966-05,-5.83,-5.09,-4.53,-6.36,-5.55,-5.19,-4.29,-4.76,-5.79,-6.9,-5.32,-5.72,-5.37,-5.06,-4.36,-4.19,-5.18,-4.37
1966-06,-0.14,-1.57,-0.99,-0.69,-1.06,-2.16,-0.75,-0.81,-0.87,-0.52,0.38,-2.13,-1.71,-2.48,-0.37,-1.27,-0.04,-1.53
1966-07,-0.29,-0.73,-3.14,-0.56,-0.38,-0.77,-1.63,-3.14,-1.91,0.11,-0.04,-0.62,-1.03,-0.46,-0.77,-3.15,-2.71,-3.38
1966-08,-7.14,-7.25,-8.06,-7.53,-6.57,-7.54,-6.86,-10.01,-9.43,-6.61,-6.78,-6.42,-7.76,-7.27,-7.56,-5.59,-7.86,-11.21
1966-09,0.25,0.42,-3.62,0.18,0.87,0.62,-1.95,-2.82,-0.88,0.68,0.32,1.27,-0.23,1.61,-0.46,-4.59,-3.21,-2.59
1966-10,6.26,5.23,1.03,4.48,8.16,5.22,1.86,1.81,0.87,6.14,7.91,8.34,6.74,3.45,2.83,0.07,0.54,2.55
1966-11,-1.25,0.86,6.47,0.22,-1.39,0.42,2.92,8.65,2.1,-0.6,-2.58,-0.54,-0.79,1.86,2.51,3.72,5.16,10.62
1966-12,0.95,0.68,-0.82,2.03,0.67,0.38,0.1,-0.74,2.83,1.67,-0.06,1.18,-0.22,1.07,0.64,-0.92,2.7,-2.58
1967-01,7.04,7.55,10.7,8.99,5.64,7.24,9.79,10.52,11.72,7.76,5.19,5.94,7.91,6.47,9.19,10.94,10.84,10.33
1967-02,-0.61,1.16,1.83,0.21,-0.52,-0.08,2.39,2.82,3.51,-1.35,-1.41,0.08,-0.63,0.54,3.38,0.54,2.34,3.08
1967-03,4.16,3.68,6.22,3.38,3.68,3.97,5.11,5.46,3.91,3.11,4.95,2.83,2.95,5.13,4.0,7.25,5.0,5.72
1967-04,1.47,4.19,7.1,2.4,1.48,2.97,7.39,6.38,1.77,2.71,0.57,2.1,3.98,1.84,7.02,8.06,4.44,7.46
1967-05,-2.18,-4.83,-4.71,-2.53,-3.98,-3.84,-5.28,-4.48,-0.33,-3.61,-1.83,-5.43,-3.58,-4.14,-5.42,-5.0,-2.9,-5.34
1967-06,1.91,1.78,3.85,2.72,2.02,1.37,2.06,4.56,4.26,1.94,1.1,2.67,1.36,1.38,1.58,2.93,4.57,4.55
1967-07,6.94,3.98,4.37,8.29,1.46,7.63,4.06,4.54,8.34,8.27,5.29,-1.95,5.79,9.09,4.09,4.01,4.31,4.86
1967-08,-0.55,-0.56,-1.08,-0.16,-0.93,-0.7,-0.27,-1.34,0.18,-0.27,-1.04,-0.83,-1.83,0.15,-0.11,-0.5,-1.12,-1.64
1967-09,3.24,3.03,4.19,3.19,2.67,2.47,4.34,4.39,2.29,3.46,3.31,2.05,1.8,2.97,4.75,3.74,5.33,3.08
1967-10,-4.83,-3.0,0.1,-5.15,-3.68,-3.48,-2.96,1.91,-5.06,-5.18,-4.42,-2.96,-4.21,-2.94,-2.32,-3.91,2.2,1.5
1967-11,-0.62,0.9,1.39,-1.01,0.25,1.32,0.2,2.12,-0.81,-1.06,-0.13,0.6,2.19,0.69,0.54,-0.31,2.65,1.36
1967-12,3.66,2.72,3.2,3.38,3.26,2.28,3.34,3.26,4.65,2.99,4.02,2.54,2.9,1.82,3.53,3.06,3.21,3.33
1968-01,-0.66,-3.25,-7.12,-1.11,0.24,-3.98,-5.05,-8.17,3.32,-2.45,-0.09,0.56,-3.97,-3.99,-5.34,-4.59,-7.08,-9.75
1968-02,-2.07,-2.99,-4.32,-2.05,-2.41,-3.06,-3.75,-4.15,-3.79,-1.51,-2.08,-2.72,-2.71,-3.32,-3.12,-4.72,-3.41,-5.26
1968-03,-1.14,0.72,2.0,-1.01,-0.54,0.66,0.31,3.36,-0.99,-1.01,-1.3,0.2,0.5,0.78,1.26,-1.19,4.06,2.28
1968-04,7.45,8.22,11.7,8.95,5.18,7.95,11.26,12.13,11.09,8.29,5.6,4.78,8.27,7.7,11.64,10.66,11.2,13.57
1968-05,1.44,1.28,4.36,2.22,0.28,0.44,3.49,4.66,4.4,1.53,0.45,0.12,2.13,-0.83,3.41,3.61,4.53,4.87
1968-06,2.17,1.51,-0.47,1.72,3.12,1.72,-0.12,-0.74,1.03,1.95,2.75,3.47,1.04,2.26,-0.31,0.2,-0.22,-1.53
1968-07,-1.18,-0.85,-4.43,-1.39,-1.59,-0.7,-2.63,-4.35,-0.45,-1.84,-0.68,-1.96,1.21,-3.72,0.6,-4.52,-2.51,-7.12
1968-08,2.35,1.25,1.92,2.6,1.3,1.34,1.53,2.09,3.48,2.17,1.75,1.12,2.03,0.18,1.25,1.7,2.68,1.17
1968-09,6.52,3.5,3.86,6.83,4.24,2.49,3.94,4.64,7.64,6.43,5.77,3.62,1.55,4.09,5.69,2.88,4.09,5.52
1968-10,2.85,1.63,-1.45,3.21,1.13,2.06,-1.23,-0.05,2.79,3.42,1.94,0.79,1.18,3.5,1.98,-3.24,1.05,-1.78
1968-11,3.46,6.26,6.9,2.49,6.1,5.77,7.62,6.28,4.38,1.55,5.89,6.18,5.61,6.04,7.47,7.71,4.56,9.05
1968-12,-1.94,-3.88,-4.47,-1.64,-3.95,-3.92,-4.33,-3.83,0.73,-2.88,-2.64,-4.49,-4.12,-3.61,-2.84,-5.3,-4.24,-3.19
1969-01,-1.02,0.28,-2.38,-1.29,0.43,0.56,-1.7,-2.58,-0.78,-1.56,-0.39,0.78,1.0,-0.16,-1.06,-2.13,-2.47,-2.73
1969-02,-5.13,-4.82,-5.3,-4.69,-5.05,-4.71,-4.44,-6.47,-6.68,-3.62,-6.2,-4.58,-4.23,-5.49,-5.43,-3.77,-4.98,-8.75
1969-03,3.16,3.61,3.17,2.8,2.32,3.81,5.04,2.32,2.44,2.98,4.03,1.62,4.04,3.44,6.22,4.26,2.66,1.78
1969-04,0.78,2.67,2.27,0.57,4.0,1.61,2.14,1.92,2.19,-0.29,1.26,5.16,1.27,2.18,1.3,2.71,1.99,1.81
1969-05,0.07,1.33,-1.01,-0.22,0.9,1.11,0.14,-0.75,-1.49,0.47,0.73,0.96,1.77,0.06,2.36,-1.34,0.08,-2.08
1969-06,-8.08,-6.63,-4.46,-8.15,-5.99,-6.73,-3.78,-7.68,-11.46,-6.38,-7.92,-5.21,-7.13,-6.06,-8.58,-0.46,-7.16,-8.56
1969-07,-5.93,-6.21,-6.94,-6.28,-5.66,-6.8,-5.38,-8.61,-6.04,-6.44,-5.7,-5.6,-7.76,-5.96,-5.39,-5.36,-7.25,-10.48
1969-08,3.09,5.15,7.13,4.04,2.77,5.55,5.96,8.59,2.16,5.31,2.46,3.19,5.74,5.38,6.15,5.8,8.19,9.15
1969-09,-2.77,-2.83,-1.4,-3.49,-2.53,-2.46,-2.05,-2.26,-1.62,-4.7,-2.29,-2.85,-3.75,-1.34,-3.69,-0.6,-1.64,-3.14
1969-10,5.06,5.47,6.5,5.53,5.02,5.36,5.52,7.81,7.48,4.22,4.75,5.39,3.87,6.61,5.8,5.28,6.06,10.3
1969-11,-2.79,-3.91,-2.47,-4.75,-2.9,-3.9,-2.36,-3.22,-5.4,-4.29,-1.49,-4.8,-4.59,-3.34,-3.06,-1.77,-2.67,-3.97
1969-12,-3.68,-0.91,-1.53,-3.98,-2.87,-0.84,0.12,-3.45,-4.28,-3.78,-3.49,-2.01,-0.58,-1.05,-0.02,0.25,-3.67,-3.14
1970-01,-5.44,-7.91,-8.96,-6.63,-5.13,-8.22,-8.48,-10.18,-6.24,-6.89,-4.68,-5.74,-8.15,-8.27,-9.19,-7.88,-9.14,-11.61
1970-02,7.72,6.0,3.91,7.23,6.91,6.38,4.52,4.33,5.51,8.41,8.02,5.35,6.65,6.17,5.69,3.55,4.72,3.77
1970-03,1.83,-0.38,-2.32,0.47,1.75,-0.03,-1.52,-3.68,1.05,0.08,2.67,0.43,0.93,-0.81,-1.98,-1.13,-3.16,-4.42
1970-04,-8.98,-8.7,-14.13,-9.92,-7.67,-9.12,-11.1,-16.33,-10.68,-9.4,-8.4,-6.59,-8.14,-9.92,-9.74,-12.25,-13.68,-20.17
1970-05,-5.22,-5.44,-8.49,-5.32,-4.51,-5.09,-7.34,-10.79,-4.95,-5.56,-5.17,-3.57,-2.6,-7.19,-8.19,-6.61,-9.83,-12.28
1970-06,-5.14,-3.96,-7.48,-5.54,-4.26,-4.08,-5.6,-8.48,-5.41,-5.64,-4.9,-3.37,-3.99,-4.15,-4.3,-6.7,-7.36,-10.29
1970-07,9.44,6.91,6.24,9.08,9.3,5.99,7.27,5.79,7.58,9.73,9.67,8.89,5.72,6.73,7.3,7.23,5.42,6.06
1970-08,5.92,4.27,6.11,4.4,5.97,3.66,5.3,6.68,3.79,4.66,6.87,4.97,3.56,3.95,5.69,4.86,5.37,7.63
1970-09,2.75,3.7,8.81,5.36,2.38,3.67,4.58,10.25,6.35,4.94,1.14,3.8,3.46,4.23,3.68,5.62,9.7,10.65
1970-10,-1.25,-1.1,-3.49,-2.28,-0.68,-1.13,-2.48,-3.51,-4.2,-1.46,-0.59,-0.78,-0.84,-1.9,-1.64,-3.43,-3.44,-3.56
1970-11,5.71,5.27,4.24,3.82,6.52,5.06,4.53,4.15,4.07,3.71,6.89,6.1,5.16,4.79,4.58,4.47,4.24,4.08
1970-12,5.68,6.57,5.74,7.76,4.99,6.58,7.9,5.03,6.63,8.23,4.41,5.64,6.18,7.65,8.36,7.39,7.31,3.42
1971-01,4.26,4.34,7.26,6.96,2.74,5.01,4.73,8.03,10.39,5.56,2.55,2.96,4.92,5.23,4.04,5.52,7.75,8.23
1971-02,2.03,1.27,2.3,2.85,1.79,0.28,3.47,2.12,1.0,3.65,1.49,2.11,-0.21,1.58,4.14,2.72,3.48,1.13
1971-03,3.33,4.03,6.36,3.66,3.07,4.11,5.07,7.15,4.5,3.31,3.11,3.04,3.56,5.56,5.55,4.54,7.17,7.14
1971-04,4.32,2.92,3.92,4.71,4.45,1.96,3.29,4.25,3.94,5.04,4.06,4.87,1.44,3.3,3.41,3.15,5.31,3.47
1971-05,-3.77,-3.94,-3.2,-3.34,-3.81,-4.21,-3.82,-2.8,-3.1,-3.44,-4.06,-3.53,-4.6,-3.23,-3.53,-4.15,-2.65,-2.92
1971-06,-0.75,0.54,0.74,0.17,-0.46,0.19,0.92,1.21,-1.18,0.73,-1.36,0.52,-0.22,1.21,2.07,-0.4,0.8,1.52
1971-07,-4.29,-3.27,-5.48,-5.11,-4.29,-2.2,-5.0,-5.2,-4.93,-5.4,-2.92,-5.06,-2.87,-1.51,-4.14,-5.84,-4.68,-5.76
1971-08,7.57,3.33,4.3,7.72,6.87,2.85,3.36,4.0,8.77,5.99,7.32,6.61,2.62,3.08,2.02,4.68,2.6,5.57
1971-09,-0.94,-0.46,-0.2,-1.32,-0.86,-0.43,-0.31,0.13,-1.12,-1.66,-0.33,-1.17,0.04,-0.9,-0.01,-0.6,-0.15,0.43
1971-10,-5.41,-3.72,-3.64,-5.39,-5.68,-3.88,-2.0,-4.82,-5.76,-4.76,-5.44,-5.83,-3.94,-3.81,-1.85,-2.15,-4.06,-5.63
1971-11,-0.91,0.01,0.28,0.22,-1.14,-0.09,0.45,0.07,0.32,0.04,-2.73,-0.19,0.12,-0.31,0.34,0.54,-0.39,0.56
1971-12,8.01,8.8,10.13,7.16,8.8,9.06,9.22,10.34,6.44,8.36,9.43,8.44,9.31,8.81,8.54,9.87,9.22,11.56
1972-01,4.26,1.31,4.07,4.36,2.04,1.49,2.83,3.88,3.5,5.78,4.1,0.85,1.86,1.1,1.29,4.3,2.85,4.98
1972-02,2.51,3.05,3.66,1.98,2.33,4.18,2.03,4.74,1.39,2.93,3.37,1.71,3.4,4.98,1.68,2.35,5.19,4.26
1972-03,1.59,0.43,1.18,1.77,1.19,0.6,0.72,0.71,3.54,-1.03,1.31,1.12,0.93,0.26,-0.41,1.76,1.11,0.29
1972-04,-0.87,0.73,0.99,-1.13,0.62,0.84,0.5,1.11,-2.52,1.19,-0.46,1.27,1.3,0.37,0.12,0.85,0.12,2.15
1972-05,-1.11,1.84,2.6,-1.83,0.04,2.23,2.02,3.25,-3.4,0.69,0.04,0.04,1.29,3.19,2.28,1.79,3.28,3.21
1972-06,-3.0,-2.16,-1.57,-2.4,-3.07,-1.95,-1.8,-1.74,-2.4,-2.4,-3.93,-2.56,-1.55,-2.35,-2.31,-1.35,-1.1,-2.4
1972-07,-2.39,0.13,-0.38,-2.35,-0.73,-0.16,0.21,-0.53,-1.87,-2.58,-2.45,0.46,-1.49,0.66,0.33,-0.06,0.89,-2.48
1972-08,5.45,3.91,2.41,4.85,6.54,2.73,4.0,1.92,4.12,5.2,6.36,6.66,4.65,1.57,4.27,3.43,1.53,2.46
1972-09,-3.54,-0.16,-0.63,-3.89,-1.85,-0.38,0.23,-0.93,-3.47,-4.09,-3.01,-1.07,-2.0,0.63,0.34,-0.02,-0.63,-1.35
1972-10,-0.18,0.99,1.13,-0.46,1.69,1.67,0.55,0.65,0.25,-0.8,0.24,2.65,1.36,1.86,-0.16,2.11,2.84,-2.42
1972-11,7.77,5.02,3.69,7.68,7.14,5.07,4.31,3.54,6.15,8.41,7.9,6.64,6.67,4.11,4.47,3.98,1.12,7.13
1972-12,-2.25,1.61,1.47,-2.31,-0.48,1.35,2.01,1.39,-3.57,-1.71,-2.16,0.62,-0.8,2.68,2.18,1.65,1.37,1.41
1973-01,-4.24,-1.06,-4.19,-4.83,-2.9,-2.38,-0.64,-4.5,-5.17,-4.67,-3.38,-2.6,-0.78,-3.33,0.7,-3.57,-3.49,-5.91
1973-02,-5.85,-3.88,-4.0,-5.64,-5.29,-4.65,-3.16,-4.1,-5.69,-5.61,-6.16,-4.74,-5.24,-4.29,-2.89,-3.78,-1.84,-7.37
1973-03,-1.46,-0.08,-0.99,-2.0,0.21,-0.46,0.05,-1.54,-0.98,-2.47,-0.68,0.76,0.03,-0.75,0.03,0.11,-0.91,-2.49
1973-04,-4.4,-3.72,-6.03,-4.83,-3.31,-4.0,-4.21,-6.31,-6.76,-3.93,-3.78,-3.02,-3.96,-4.02,-3.66,-5.48,-5.58,-7.44
1973-05,-5.07,-1.65,-1.49,-5.53,-2.22,-2.03,-1.4,-1.69,-6.53,-5.08,-4.42,-0.9,-3.24,-1.3,-1.53,-1.1,0.67,-5.42
1973-06,-2.97,-0.46,-1.07,-4.05,-1.63,-0.19,-0.15,-1.74,-5.03,-3.61,-1.48,-1.72,0.41,-0.54,-0.32,0.24,-1.0,-3.0
1973-07,6.74,3.55,8.39,6.17,4.8,3.7,4.22,11.18,9.6,4.63,7.82,3.27,4.56,2.99,3.49,5.27,9.1,14.67
1973-08,-1.62,-3.29,-3.69,-1.54,-2.97,-3.7,-3.01,-3.66,-2.88,-0.91,-1.77,-3.61,-3.63,-3.75,-2.51,-3.72,-3.75,-3.53
1973-09,8.8,4.49,4.99,8.43,8.44,7.66,-0.11,7.08,12.11,6.73,9.5,7.87,7.26,7.99,-1.96,2.52,6.24,8.41
1973-10,1.7,-0.36,-0.69,1.05,2.07,-1.93,0.5,-1.25,1.5,0.84,2.89,1.61,-1.66,-2.16,0.87,-0.01,-2.11,0.09
1973-11,-13.81,-10.69,-14.49,-13.54,-11.8,-10.7,-11.79,-15.68,-12.24,-14.17,-14.32,-10.4,-12.43,-9.24,-10.87,-13.05,-13.41,-19.15
1973-12,3.91,1.35,-0.04,3.05,4.15,2.68,-1.88,1.37,3.74,2.7,5.48,3.44,2.3,2.99,-2.0,-1.71,0.43,2.91
1974-01,2.5,-0.1,-0.27,3.33,-0.57,0.59,-0.46,0.03,0.83,4.61,1.01,-1.43,0.96,0.3,-0.32,-0.65,-0.18,0.36
1974-02,2.46,-0.36,-0.45,2.0,0.88,0.38,-1.11,-0.37,3.54,1.25,3.29,-0.47,-0.47,1.07,-1.5,-0.55,-0.36,-0.39
1974-03,-1.8,-2.22,-2.32,-1.88,-2.27,-2.55,-1.51,-2.88,-1.85,-1.89,-1.66,-2.62,-2.04,-2.97,-1.42,-1.63,-2.53,-3.43
1974-04,-2.91,-4.64,-4.55,-3.7,-2.92,-4.91,-4.47,-4.98,-4.36,-3.36,-1.5,-3.75,-5.14,-4.72,-4.78,-4.03,-4.98,-4.97
1974-05,-4.69,-3.56,-3.04,-4.68,-5.35,-2.64,-2.16,-5.49,-5.92,-4.07,-4.71,-5.73,-3.56,-1.89,-3.64,-0.11,-4.19,-7.55
1974-06,-1.11,-1.26,-4.33,-0.7,-1.32,-1.16,-2.17,-5.55,-0.55,-0.78,-1.84,-1.01,-1.01,-1.28,-1.59,-2.95,-5.36,-5.85
1974-07,-3.6,-7.36,-9.63,-3.62,-5.37,-7.9,-7.41,-10.02,-3.34,-3.75,-3.58,-6.77,-9.09,-7.04,-6.2,-8.96,-10.5,-9.22
1974-08,-8.08,-8.17,-10.16,-6.34,-8.12,-8.01,-9.87,-10.08,-5.68,-6.68,-9.83,-6.73,-5.33,-9.91,-9.55,-10.3,-10.03,-10.15
1974-09,-7.61,-10.53,-14.24,-8.27,-9.12,-9.71,-12.53,-15.36,-8.59,-8.11,-6.93,-10.84,-7.52,-11.33,-12.69,-12.31,-15.51,-15.13
1974-10,16.78,15.24,20.94,16.88,16.91,14.89,18.49,19.68,15.38,17.64,16.67,17.1,13.65,15.85,15.03,23.04,19.5,19.97
1974-11,-1.79,-4.3,-4.41,-1.76,-1.4,-4.36,-5.05,-4.99,-1.65,-1.82,-1.81,-1.07,-3.26,-5.2,-6.32,-3.48,-4.97,-5.02
1974-12,-1.9,-1.54,-5.48,-2.01,-1.31,-1.61,-2.89,-6.27,-4.44,-0.8,-1.78,-0.93,-0.15,-2.73,-1.77,-4.21,-6.13,-6.5
1975-01,15.45,13.23,15.31,15.72,13.08,13.35,13.7,16.72,20.35,13.54,15.17,11.41,12.15,14.3,14.19,13.11,16.52,17.05
1975-02,3.39,6.45,6.85,3.55,4.43,5.65,8.76,6.31,4.76,2.96,3.23,5.41,4.76,6.34,9.61,7.72,5.61,7.43
1975-03,5.3,1.78,5.08,4.75,4.56,1.45,3.08,5.14,5.44,4.41,5.85,3.52,2.06,0.98,1.55,4.98,3.93,7.06
1975-04,4.74,3.85,6.75,4.97,3.48,2.83,6.92,7.2,4.82,5.04,4.52,2.63,2.74,2.9,7.65,6.03,5.76,9.43
1975-05,5.69,6.0,4.88,6.79,6.1,5.37,6.17,4.58,6.68,6.84,4.57,7.39,4.99,5.67,6.83,5.36,3.09,6.81
1975-06,6.2,5.24,4.73,5.71,5.73,5.6,4.57,4.74,6.54,5.28,6.72,4.93,5.97,5.32,4.45,4.71,4.41,5.21
1975-07,-4.2,-6.87,-6.16,-2.21,-6.24,-7.29,-6.18,-6.2,-3.28,-1.74,-6.81,-5.87,-6.89,-7.68,-6.4,-6.03,-6.14,-6.32
1975-08,-4.11,-1.79,-2.32,-3.85,-2.83,-1.78,-2.12,-2.3,-4.81,-3.43,-4.48,-1.81,-1.41,-2.16,-1.77,-2.37,-2.21,-2.46
1975-09,-3.64,-2.89,-4.62,-3.28,-3.35,-2.57,-4.34,-4.67,-6.71,-1.8,-4.14,-2.87,-3.01,-2.13,-4.16,-4.47,-4.62,-4.76
1975-10,7.17,7.23,4.37,7.09,7.65,7.39,6.18,3.63,4.12,8.3,7.28,7.88,6.21,8.55,5.81,6.43,4.18,2.66
1975-11,3.9,4.3,1.39,2.68,5.42,4.47,2.28,1.09,2.85,2.62,5.61,5.31,4.51,4.44,2.38,2.21,1.28,0.76
1975-12,-0.85,-1.24,-1.09,-0.04,-1.37,-1.53,-0.89,-1.02,-0.58,0.16,-1.96,-1.03,-1.89,-1.19,-0.34,-1.28,-1.67,0.15
1976-01,15.5,12.41,12.06,16.63,12.74,12.2,11.43,12.88,20.53,15.12,13.91,12.04,11.29,13.07,13.71,9.82,11.44,15.43
1976-02,4.82,0.36,-0.89,5.59,1.7,0.27,-0.47,-0.78,9.27,4.1,3.72,0.5,0.71,-0.14,0.55,-1.22,-2.19,1.63
1976-03,3.13,2.65,2.85,3.83,2.98,2.54,1.91,3.22,3.05,4.17,2.11,3.52,2.46,2.61,2.04,1.81,4.5,1.13
1976-04,-1.88,-1.56,-0.34,-1.5,-2.66,-1.26,-0.58,-0.44,-2.48,-1.08,-2.45,-2.79,-0.97,-1.53,-1.25,-0.08,-0.12,-0.97
1976-05,-1.7,-1.75,0.17,-1.67,-2.76,-1.35,-0.88,0.43,-1.72,-1.66,-1.75,-3.37,-2.8,0.02,-1.34,-0.55,0.91,-0.4
1976-06,5.65,4.76,3.97,4.93,5.24,4.84,4.24,4.06,7.24,3.96,6.72,4.34,3.39,6.16,4.96,3.71,3.52,4.99
1976-07,-0.59,-0.28,-0.87,0.4,-0.9,0.27,-0.56,-1.37,0.54,0.31,-1.35,-0.47,0.53,0.05,-0.91,-0.28,-0.47,-2.78
1976-08,-1.97,0.79,-0.64,-2.57,-1.42,0.52,0.95,-1.26,-1.76,-3.07,-1.49,-1.34,0.37,0.66,2.03,0.07,-1.44,-0.96
1976-09,2.21,2.22,3.05,0.97,2.42,3.31,2.06,3.19,0.77,1.09,3.17,1.74,2.51,4.01,1.04,2.89,3.0,3.49
1976-10,-2.72,-1.74,-2.18,-2.8,-3.35,-2.17,-1.3,-2.21,-2.98,-2.69,-2.66,-4.0,-2.79,-1.65,-0.26,-2.14,-1.52,-3.31
1976-11,1.23,1.4,-0.09,2.77,0.88,1.48,0.35,0.13,3.57,2.28,0.06,1.65,1.04,1.84,1.19,-0.35,-0.23,0.69
1976-12,8.51,6.23,5.05,9.68,7.6,6.99,5.24,4.51,10.3,9.29,7.59,7.61,6.7,7.24,4.71,5.67,4.12,5.13
1977-01,-1.45,-3.11,-5.19,-0.31,-1.89,-2.81,-4.2,-6.04,1.58,-1.49,-2.35,-1.45,-1.87,-3.59,-4.16,-4.24,-6.33,-5.57
1977-02,-1.99,-1.42,-1.76,-2.07,-2.21,-1.82,-0.82,-2.35,-1.9,-2.18,-1.93,-2.47,-2.29,-1.43,-0.47,-1.11,-2.22,-2.56
1977-03,-0.67,-1.25,-0.9,-0.09,-0.69,-0.95,-1.34,-1.01,-0.38,0.1,-1.13,-0.29,-0.25,-1.52,-2.02,-0.78,-1.31,-0.54
1977-04,1.21,0.94,-0.36,1.66,1.17,1.88,-0.84,0.33,2.73,0.98,0.84,1.49,2.73,1.17,-0.52,-1.1,-0.14,1.05
1977-05,-0.95,-0.76,-1.58,-0.78,-0.9,-0.63,-1.46,-1.32,-0.2,-1.16,-1.1,-0.72,-0.21,-0.98,-0.95,-1.88,-1.63,-0.85
1977-06,4.89,4.35,6.05,4.89,5.24,4.29,5.16,5.94,5.98,4.18,4.9,5.56,4.44,4.16,3.93,6.17,5.07,7.25
1977-07,-0.97,-1.26,-1.55,-1.18,-0.42,-1.42,-1.32,-1.97,-1.46,-0.99,-0.83,-0.08,-1.24,-1.62,-1.58,-1.06,-2.55,-1.25
1977-08,-0.67,-1.85,-0.8,-1.24,-1.83,-1.88,-0.74,-1.23,-1.57,-1.01,-0.26,-3.11,-2.4,-1.3,-1.16,-0.31,-1.62,-0.76
1977-09,-0.77,0.54,-0.23,-0.62,0.06,0.54,-0.03,-0.04,-1.65,0.08,-0.87,0.86,1.72,-0.77,0.37,-0.44,-0.21,0.18
1977-10,-4.12,-4.05,-3.73,-3.76,-3.92,-4.12,-3.75,-4.1,-4.31,-3.4,-4.37,-3.54,-4.09,-4.16,-4.19,-3.31,-4.24,-3.92
1977-11,5.98,3.96,4.74,8.32,4.71,3.53,4.0,5.54,9.32,7.66,4.33,5.02,3.51,3.54,4.14,3.85,5.43,5.66
1977-12,0.34,0.73,0.66,1.3,0.25,0.82,1.07,-0.14,1.84,0.93,-0.36,0.74,0.96,0.67,0.58,1.56,-0.22,-0.04
1978-01,-4.43,-5.58,-5.98,-3.24,-4.99,-5.12,-5.78,-7.03,-2.56,-3.7,-5.32,-4.72,-4.51,-5.83,-6.76,-4.81,-7.17,-6.85
1978-02,-0.23,-0.56,-1.97,1.96,-1.21,-0.01,-2.01,-1.42,2.31,1.73,-1.88,-0.67,1.39,-1.65,-1.43,-2.57,-1.76,-1.0
1978-03,5.12,3.5,2.58,7.72,3.35,3.21,2.31,4.29,8.75,7.01,3.08,3.56,3.41,2.97,3.96,0.69,4.92,3.53
1978-04,8.98,7.45,10.12,8.27,7.63,6.96,9.63,9.98,8.3,8.26,9.57,6.1,5.19,9.1,8.99,10.27,9.45,10.63
1978-05,3.93,1.65,2.29,6.28,2.03,2.11,1.14,2.95,7.44,5.45,2.06,2.01,1.42,2.91,0.72,1.55,2.73,3.21
1978-06,-0.87,-1.51,-0.92,-0.7,-0.99,-1.82,-1.13,-0.88,-1.38,-0.21,-1.0,-0.99,-1.61,-2.06,-1.28,-0.98,-0.57,-1.25
1978-07,5.74,5.52,6.11,5.84,5.58,5.71,5.1,6.78,6.38,5.55,5.67,5.53,5.31,6.17,5.15,5.02,6.43,7.21
1978-08,5.35,3.63,5.19,5.8,4.03,3.65,4.0,5.77,6.15,5.62,5.04,3.47,2.89,4.53,3.83,4.23,4.8,6.93
1978-09,0.24,-0.73,-1.92,-0.12,-0.28,-1.05,-0.81,-2.09,-0.06,-0.15,0.48,-0.72,-0.63,-1.52,-0.2,-1.65,-1.5,-2.77
1978-10,-12.83,-9.57,-13.4,-16.26,-8.32,-10.54,-11.3,-14.79,-21.46,-13.4,-10.53,-7.07,-10.24,-10.88,-11.44,-11.1,-13.09,-16.8
1978-11,3.96,2.92,4.11,3.88,3.51,2.86,2.81,4.72,6.57,2.53,4.02,3.24,2.47,3.31,2.55,3.16,4.29,5.24
1978-12,0.74,1.64,2.19,1.49,1.83,0.97,1.71,2.11,1.13,1.68,0.27,2.68,0.15,1.88,1.26,2.32,2.67,1.43
1979-01,6.26,4.74,4.62,8.19,4.91,5.03,3.91,5.21,11.49,6.49,5.04,4.84,5.57,4.44,4.08,3.66,4.83,5.68
1979-02,-2.62,-2.77,-3.73,-2.87,-2.05,-3.66,-3.11,-3.7,-3.39,-2.59,-2.46,-1.84,-3.51,-3.83,-2.63,-3.78,-3.08,-4.47
1979-03,8.4,5.3,7.52,9.51,5.38,5.47,6.25,8.75,11.98,8.2,7.7,4.14,5.71,5.21,6.77,5.52,7.73,10.05
1979-04,0.77,0.51,0.95,1.35,-0.48,0.83,1.28,1.48,2.75,0.59,0.4,-0.97,0.82,0.85,2.14,0.07,2.16,0.65
1979-05,-2.12,-1.48,-1.09,-1.36,-1.5,-2.09,-1.4,-0.86,-2.36,-0.81,-2.61,-0.87,-1.81,-2.4,-1.35,-1.47,-0.08,-1.83
1979-06,5.39,3.87,5.65,5.17,3.12,4.75,5.24,6.06,5.29,5.1,5.54,1.78,4.56,4.97,5.43,4.96,5.62,6.62
1979-07,2.75,0.91,2.25,3.33,0.61,2.05,1.65,1.98,3.71,3.1,2.35,-0.57,2.65,1.64,0.95,2.6,1.29,2.66
1979-08,6.23,5.69,8.03,7.13,4.53,6.86,6.53,8.9,6.79,7.35,5.61,3.78,6.8,6.91,6.22,6.94,8.48,9.32
1979-09,0.6,-0.18,-0.44,0.65,0.2,0.16,-0.96,-0.04,0.9,0.5,0.57,-0.06,-0.3,0.49,-0.96,-0.95,0.25,-0.32
1979-10,-6.77,-6.89,-8.21,-8.34,-5.45,-8.03,-7.55,-8.14,-9.3,-7.76,-5.69,-5.28,-8.08,-7.99,-6.98,-8.31,-7.67,-8.6
1979-11,6.46,5.15,8.19,7.68,5.17,4.99,6.18,9.44,8.89,6.96,5.64,4.83,6.65,3.83,5.89,6.57,8.65,10.22
1979-12,2.69,1.89,4.37,5.74,0.58,3.05,2.18,5.46,9.69,3.33,0.61,0.57,3.18,2.96,1.61,2.93,4.65,6.26
1980-01,8.62,5.34,5.73,8.07,6.77,6.36,3.61,7.4,8.32,7.91,9.02,5.17,5.66,6.85,3.72,3.46,7.87,6.96
1980-02,2.0,-0.52,-3.12,0.35,2.59,-1.36,-3.59,-1.94,0.51,0.25,3.16,2.16,-2.16,-0.79,-2.69,-4.78,-2.93,-0.99
1980-03,-14.04,-9.82,-12.35,-15.84,-11.43,-10.67,-8.35,-14.16,-17.85,-14.54,-12.81,-10.4,-10.41,-10.85,-7.35,-9.71,-12.4,-15.81
1980-04,5.68,4.72,5.46,5.78,4.95,4.21,6.12,4.84,5.14,6.18,5.61,4.48,5.53,3.29,5.97,6.33,3.67,5.98
1980-05,6.63,5.28,7.03,7.06,5.09,6.35,5.79,7.0,5.45,8.04,6.34,4.17,7.24,5.71,4.89,7.06,7.53,6.5
1980-06,3.09,3.26,3.81,2.41,3.15,2.89,3.63,4.85,4.32,1.27,3.55,2.84,2.89,2.88,4.52,2.4,4.61,5.07
1980-07,7.52,6.16,8.38,8.96,4.86,5.86,6.96,10.77,8.2,9.26,5.79,4.27,7.5,4.43,8.4,5.35,11.14,10.44
1980-08,2.35,1.95,2.76,2.73,2.56,1.05,2.21,3.35,6.46,1.29,1.88,2.99,0.34,1.7,2.41,1.97,1.78,4.79
1980-09,2.33,1.76,5.59,1.23,2.2,2.49,2.54,6.59,3.69,0.24,3.7,1.25,0.06,4.66,1.06,4.24,5.21,7.81
1980-10,2.03,1.36,3.25,-0.22,1.96,1.18,3.57,2.32,2.85,-1.5,4.72,0.16,-0.21,2.37,2.71,4.53,2.45,2.2
1980-11,7.87,9.6,14.19,4.61,8.87,10.59,11.83,14.7,7.19,3.47,11.61,7.02,8.87,12.01,10.31,13.5,13.52,15.74
1980-12,-3.16,-2.31,-3.98,-0.81,-3.44,-2.04,-3.61,-3.85,-3.0,0.2,-5.67,-1.87,-0.51,-3.26,-3.1,-4.15,-5.51,-2.43
1981-01,-2.31,-2.69,-7.41,-0.96,-1.02,-3.8,-5.39,-7.78,-2.08,-0.46,-3.86,0.86,-2.39,-4.98,-3.99,-6.91,-6.07,-9.19
1981-02,2.81,2.54,0.34,3.19,3.43,2.65,0.67,0.33,1.65,3.86,2.37,4.1,3.64,1.8,0.95,0.36,0.53,0.16
1981-03,6.73,3.11,6.04,9.23,3.38,3.91,3.56,6.43,6.54,10.38,3.77,3.13,4.82,3.12,1.81,5.5,6.71,6.2
1981-04,0.33,-1.16,-2.28,-0.28,0.89,-2.24,-2.58,-0.95,-1.22,0.11,1.1,0.76,-0.58,-3.71,-1.18,-4.08,0.26,-1.99
1981-05,0.1,1.01,1.7,1.45,0.88,0.38,0.09,3.34,0.52,1.83,-1.56,2.42,0.53,0.25,0.68,-0.57,2.54,4.07
1981-06,-0.34,0.06,-2.44,-1.71,-0.04,0.32,0.34,-4.18,-1.12,-1.94,1.41,-0.92,-0.34,0.92,0.59,0.05,-4.17,-4.19
1981-07,-2.72,-1.02,1.95,-2.79,-2.07,-1.23,1.26,1.66,-0.66,-3.79,-2.64,-1.81,-1.48,-0.91,0.11,2.35,2.87,0.25
1981-08,-6.11,-4.87,-7.12,-7.03,-4.8,-4.34,-6.15,-7.67,-7.52,-6.78,-5.04,-4.69,-3.89,-4.93,-5.94,-6.35,-6.33,-9.27
1981-09,-5.94,-3.55,-8.58,-5.49,-4.64,-3.45,-5.82,-9.01,-8.3,-4.14,-6.45,-3.83,-1.45,-6.08,-3.45,-8.0,-8.76,-9.32
1981-10,5.35,4.22,9.04,5.6,2.54,5.36,5.95,10.58,7.92,4.54,5.07,1.43,3.4,8.06,4.89,6.99,9.4,12.01
1981-11,4.79,4.62,4.01,4.43,4.63,4.68,4.75,3.48,1.88,5.65,5.2,4.37,4.95,4.32,4.73,4.77,3.76,3.15
1981-12,-1.33,-2.05,-4.29,-1.32,-0.89,-2.26,-3.7,-4.19,-0.73,-1.59,-1.34,-0.68,-1.72,-2.97,-2.96,-4.44,-4.06,-4.35
1982-01,-2.63,-0.66,-4.64,-2.63,-0.22,-1.52,-2.0,-5.53,-2.19,-2.83,-2.63,0.88,-0.01,-3.54,-0.62,-3.38,-5.42,-5.66
1982-02,-2.58,-3.25,-8.1,-3.06,-2.69,-3.15,-5.47,-8.67,-4.23,-2.51,-2.03,-2.97,-2.85,-3.56,-3.68,-7.31,-8.17,-9.28
1982-03,-0.21,0.42,-2.6,-0.31,0.35,0.77,-0.9,-3.4,-1.5,0.24,-0.11,0.55,1.03,0.42,-0.33,-1.52,-2.44,-4.58
1982-04,6.07,3.42,5.64,6.36,5.07,2.64,4.21,6.08,5.19,6.89,5.75,4.77,1.74,3.91,3.49,5.03,6.07,6.09
1982-05,-3.57,-2.57,-2.92,-3.91,-2.08,-3.04,-2.68,-3.13,-4.02,-3.87,-3.18,-1.59,-2.94,-3.18,-2.72,-2.63,-1.97,-4.57
1982-06,-1.2,-0.55,-4.4,-1.09,-1.01,-0.56,-2.1,-4.55,-2.34,-0.55,-1.32,-0.87,-1.25,0.4,-0.22,-4.19,-4.62,-4.46
1982-07,-2.02,-1.51,-3.39,-2.02,-1.68,-0.63,-2.45,-4.56,-0.92,-2.68,-2.02,-1.44,-1.67,0.11,-3.29,-1.23,-4.31,-4.83
1982-08,12.34,11.68,12.37,12.66,11.47,11.62,12.12,12.53,11.37,13.46,11.95,11.12,12.83,10.78,12.15,12.07,13.03,11.99
1982-09,1.6,1.73,2.03,1.39,2.9,1.66,1.59,1.6,3.07,0.38,1.86,3.67,1.7,1.63,0.74,2.8,2.3,0.83
1982-10,14.09,10.12,13.79,15.2,11.6,9.37,11.0,15.57,17.04,14.07,12.76,10.75,10.19,8.78,11.26,10.62,13.13,18.31
1982-11,6.1,4.35,6.3,7.78,4.51,4.42,4.21,7.2,9.04,6.98,4.08,4.83,4.19,4.58,3.93,4.61,5.26,9.28
1982-12,1.14,1.97,0.01,1.37,1.54,1.47,2.23,-0.66,2.21,0.82,0.86,2.06,-0.77,3.09,2.9,1.29,0.82,-2.18
1983-01,4.67,3.59,4.49,5.86,2.54,4.4,3.06,5.13,9.44,3.51,3.17,2.07,2.87,5.46,2.89,3.3,3.83,6.5
1983-02,3.53,3.04,3.57,3.34,3.73,2.96,3.31,3.36,3.01,3.56,3.78,3.7,5.03,1.56,2.83,3.97,3.62,3.09
1983-03,5.62,3.06,3.36,5.05,5.6,2.96,2.77,3.2,6.13,4.33,6.33,5.04,2.71,3.14,2.12,3.66,3.35,3.04
1983-04,8.36,7.52,6.51,8.91,6.91,7.9,6.83,6.8,9.6,8.44,7.67,6.32,6.45,8.92,7.48,5.96,4.69,9.0
1983-05,1.35,-0.8,3.32,2.32,-0.78,-0.84,0.43,4.31,2.94,1.89,0.13,-1.48,0.28,-1.61,-0.3,1.43,3.31,5.31
1983-06,3.13,3.41,4.78,4.02,1.69,2.62,5.47,4.88,6.09,2.57,1.97,1.47,2.52,2.68,6.15,4.56,5.11,4.66
1983-07,-1.31,-2.71,-4.98,-1.18,-2.25,-2.57,-3.46,-5.2,-2.25,-0.61,-1.41,-3.06,-2.97,-2.26,-2.7,-4.55,-3.9,-6.09
1983-08,1.75,1.03,-0.98,-0.83,2.53,1.24,0.35,-1.67,-1.57,-0.43,3.53,1.55,1.45,1.08,0.33,0.37,-1.07,-2.09
1983-09,1.59,2.28,1.08,2.49,1.28,1.53,2.83,1.02,1.7,2.9,1.0,1.56,1.9,1.24,3.95,1.19,1.3,0.83
1983-10,-1.55,-1.09,-4.87,-2.53,-0.96,-1.15,-2.03,-5.58,-2.68,-2.46,-0.9,-1.03,-1.22,-1.1,-1.05,-3.51,-4.52,-6.32
1983-11,3.48,2.24,3.21,4.53,4.03,2.75,0.76,3.46,6.51,3.51,2.8,5.24,3.44,2.22,-0.53,2.75,3.8,3.21
1983-12,-0.23,-0.83,-1.45,0.28,-0.68,-0.9,-0.95,-1.55,1.12,-0.17,-0.57,-0.78,1.07,-2.45,-0.75,-1.25,-1.41,-1.65
1984-01,0.1,-0.11,-3.32,-1.61,-0.67,2.3,-2.42,-3.61,-1.15,-1.86,1.26,-2.6,0.71,3.6,-2.18,-2.78,-1.9,-4.85
1984-02,-2.99,-3.39,-5.31,-6.67,-2.48,-2.91,-3.54,-6.19,-6.19,-6.92,-0.59,-4.44,-3.81,-2.19,-3.46,-3.65,-5.88,-6.42
1984-03,2.26,1.06,1.02,3.06,2.21,-0.35,1.88,0.87,3.96,2.56,1.77,2.68,2.29,-2.3,2.25,1.31,0.67,1.02
1984-04,0.96,0.96,-0.39,-2.0,1.99,1.19,-0.05,-0.14,-3.04,-1.42,2.81,1.12,0.37,1.83,0.47,-0.85,-0.04,-0.22
1984-05,-6.02,-4.93,-4.79,-6.56,-5.81,-4.77,-4.34,-5.18,-7.18,-6.22,-5.71,-5.93,-5.1,-4.52,-4.51,-4.08,-5.69,-4.8
1984-06,1.28,3.36,3.24,1.88,1.6,4.92,2.37,3.07,2.94,1.31,0.92,2.34,3.22,6.2,1.61,3.55,2.65,3.38
1984-07,-4.34,-1.2,-1.65,-5.97,-2.94,-1.17,0.53,-3.12,-6.95,-5.39,-3.05,-2.82,-1.77,-0.73,0.41,0.63,-1.8,-4.31
1984-08,12.58,9.95,12.43,13.14,11.03,10.18,10.74,12.9,11.54,14.04,12.16,9.8,10.75,9.76,9.6,11.72,12.02,13.72
1984-09,0.72,0.64,-1.6,-0.46,0.47,0.84,0.48,-2.32,-1.27,0.0,1.63,-0.84,1.36,0.46,1.68,-0.51,-2.14,-2.48
1984-10,-1.07,1.02,-0.2,-1.1,-0.79,1.3,1.54,-1.18,-3.05,-0.04,-1.05,-0.48,0.53,1.88,1.87,1.25,-0.97,-1.37
1984-11,-0.29,-0.41,-2.61,-1.08,0.07,-0.58,-1.03,-3.22,-2.28,-0.44,0.31,-0.21,-0.41,-0.7,-0.21,-1.74,-2.8,-3.6
1984-12,1.97,2.52,2.73,-0.27,2.6,2.5,3.28,2.54,0.77,-0.79,3.62,1.44,3.13,2.05,3.61,2.99,1.97,3.07
1985-01,7.58,7.15,11.42,8.93,6.16,7.56,8.64,12.86,10.98,7.9,6.63,5.61,6.62,8.23,7.75,9.42,12.2,13.46
1985-02,2.68,1.93,0.94,3.12,2.13,2.15,1.02,1.18,2.61,3.39,2.36,1.86,2.38,1.99,1.53,0.58,1.64,0.77
1985-03,1.51,0.35,-2.25,0.6,1.55,0.13,-0.81,-2.54,0.01,0.9,2.19,0.81,0.82,-0.35,0.37,-1.83,-2.33,-2.73
1985-04,-0.19,-0.09,-0.94,-1.64,0.35,0.47,-0.79,-1.24,-1.39,-1.77,0.86,-0.26,0.79,0.24,-1.13,-0.5,-0.15,-2.24
1985-05,5.11,5.88,6.24,3.9,4.93,5.94,6.74,6.56,2.46,4.63,5.95,3.7,5.32,6.37,7.84,5.78,7.38,5.79
1985-06,0.99,2.03,1.64,0.8,1.25,1.89,1.42,2.68,0.33,1.04,1.11,1.42,2.84,1.22,2.87,0.14,2.46,2.89
1985-07,-0.17,-0.57,0.66,-0.54,-0.47,0.01,0.26,0.11,-0.73,-0.44,0.36,-1.38,0.19,-0.21,-1.07,1.42,1.1,-0.71
1985-08,0.45,-0.23,-1.7,0.12,0.69,-0.32,-1.02,-1.88,-0.32,0.34,0.93,0.43,-0.65,0.07,-0.53,-1.44,-1.59,-2.13
1985-09,-2.85,-3.41,-5.05,-2.51,-2.38,-3.65,-4.29,-5.76,-4.44,-1.55,-3.34,-1.3,-3.31,-4.06,-4.53,-4.08,-5.17,-6.27
1985-10,3.35,5.2,4.81,2.63,4.63,5.61,5.09,4.3,2.07,2.89,4.37,4.91,5.14,6.17,4.63,5.5,3.26,5.19
1985-11,5.92,7.26,7.61,6.87,5.17,7.88,7.45,7.53,8.51,6.12,4.59,5.82,8.1,7.62,7.15,7.71,8.6,6.64
1985-12,3.5,4.48,5.18,4.07,3.27,4.79,5.65,3.92,3.67,4.25,2.69,3.94,5.75,3.7,4.27,6.84,3.98,3.87
1986-01,-1.0,1.59,1.71,-1.61,0.42,1.68,1.4,2.2,-3.32,-0.83,-0.13,1.05,0.76,2.75,1.79,1.07,2.76,1.73
1986-02,6.51,8.96,7.15,8.01,6.43,8.91,6.99,8.68,4.48,9.59,4.37,8.81,9.43,8.31,9.15,5.2,8.53,8.8
1986-03,5.72,5.96,4.66,5.56,5.48,5.98,5.54,4.69,3.04,6.63,5.96,4.94,5.75,6.24,6.61,4.62,4.25,5.07
1986-04,0.68,-2.21,0.02,0.66,-0.79,-2.3,-0.46,-0.56,3.18,-0.37,0.7,-2.45,-1.83,-2.84,-1.89,0.8,0.04,-1.07
1986-05,6.01,5.37,4.13,6.17,5.85,5.29,3.78,5.26,3.38,7.38,5.79,5.93,5.31,5.27,5.13,2.62,4.96,5.51
1986-06,1.0,2.86,-0.36,1.66,1.58,2.68,1.72,-1.12,-0.17,2.43,0.04,3.34,2.6,2.78,2.89,0.68,-1.72,-0.63
1986-07,-7.0,-3.92,-7.8,-9.39,-4.3,-4.12,-5.03,-8.44,-11.11,-8.52,-4.76,-3.89,-4.64,-3.64,-3.45,-6.43,-8.17,-8.79
1986-08,9.34,7.11,4.93,10.75,7.74,7.64,5.19,4.95,7.76,12.2,8.08,7.45,7.8,7.49,5.51,4.89,5.5,4.22
1986-09,-4.25,-9.05,-8.84,-3.77,-6.36,-9.15,-9.95,-8.28,-5.38,-3.02,-4.7,-7.85,-8.49,-9.76,-9.86,-10.03,-7.57,-9.22
1986-10,6.05,5.58,4.41,4.25,6.31,5.18,6.62,3.58,4.81,4.0,7.71,4.99,5.46,4.93,7.08,6.2,1.36,6.59
1986-11,1.76,2.18,1.0,1.14,2.04,2.68,1.15,0.98,1.96,0.75,2.31,1.79,2.88,2.5,1.27,1.05,1.54,0.25
1986-12,-3.14,-2.21,-3.3,-2.51,-3.07,-2.11,-2.23,-3.81,-3.31,-2.12,-3.68,-2.47,-1.97,-2.24,-2.22,-2.23,-3.87,-3.73
1987-01,11.37,13.16,13.11,13.34,11.35,13.2,13.34,12.92,15.03,12.54,9.64,13.02,12.61,13.75,13.18,13.49,11.2,15.18
1987-02,2.85,3.49,6.99,4.97,1.49,3.22,5.99,7.2,6.23,4.37,0.91,2.03,3.36,3.1,5.4,6.55,7.58,6.72
1987-03,5.68,1.5,1.11,6.36,4.04,1.33,0.73,1.24,7.07,6.02,5.06,3.1,1.04,1.6,0.6,0.85,1.94,0.34
1987-04,-0.57,-2.11,-1.34,-0.23,-1.05,-2.16,-2.15,-1.21,-2.51,0.86,-0.89,-1.19,-2.21,-2.13,-2.73,-1.61,0.11,-2.94
1987-05,1.64,0.53,0.25,2.31,0.93,0.75,0.25,0.02,1.2,2.83,1.0,0.85,0.72,0.78,-0.27,0.73,0.67,-0.85
1987-06,4.9,5.37,3.6,4.45,4.83,5.65,4.87,3.28,2.44,5.38,5.32,4.36,5.66,5.63,5.51,4.28,3.01,3.65
1987-07,5.46,3.53,4.74,6.08,5.02,2.57,4.89,4.21,5.28,6.44,4.68,5.38,3.33,1.85,4.15,5.77,4.99,2.97
1987-08,3.5,4.07,4.4,1.59,5.15,3.79,4.26,4.59,0.35,2.13,5.93,4.36,3.17,4.37,4.44,4.05,5.35,3.33
1987-09,-1.17,-2.03,-3.02,-1.64,0.23,-2.71,-2.79,-3.26,-1.99,-1.5,-0.59,1.07,-0.75,-4.57,-3.0,-2.54,-2.7,-4.2
1987-10,-22.41,-20.61,-24.88,-23.52,-19.64,-19.93,-23.56,-25.78,-27.56,-21.77,-21.08,-18.17,-18.59,-21.26,-23.9,-23.16,-24.32,-28.29
1987-11,-8.5,-6.76,-7.96,-8.48,-6.26,-7.47,-7.27,-8.51,-8.82,-8.34,-8.52,-4.04,-7.61,-7.33,-7.55,-6.93,-8.42,-8.68
1987-12,6.29,6.82,8.62,7.46,4.6,6.97,8.73,8.54,6.69,7.77,4.94,4.29,5.68,8.29,8.71,8.76,7.54,10.35
1988-01,6.01,4.07,4.23,6.61,4.84,3.96,4.76,3.48,6.85,6.52,5.31,4.39,5.63,2.3,4.03,5.59,3.61,3.24
1988-02,5.72,4.62,5.51,5.16,5.75,4.14,5.04,5.88,7.92,4.06,6.37,5.15,3.57,4.71,5.2,4.86,4.96,7.53
1988-03,-0.18,-2.73,-2.24,0.81,-1.71,-2.82,-2.53,-2.45,0.8,0.82,-1.35,-2.05,-1.68,-3.97,-3.12,-1.86,-3.72,-0.23
1988-04,2.02,0.74,0.51,1.98,1.4,1.06,0.78,-0.11,0.89,2.44,2.07,0.77,0.82,1.31,0.03,1.61,0.01,-0.3
1988-05,0.04,0.83,-0.09,-0.03,0.65,0.94,0.12,-0.09,-1.58,0.6,0.13,1.15,1.36,0.51,0.32,-0.1,0.87,-1.73
1988-06,2.23,5.77,6.5,1.25,4.06,6.48,5.32,7.1,3.08,0.53,3.41,4.7,6.23,6.73,5.2,5.45,6.47,8.19
1988-07,-0.54,-0.34,-1.66,-0.53,0.13,-0.29,-1.05,-2.34,-0.78,-0.36,-0.54,0.65,-0.11,-0.49,-1.35,-0.71,-1.41,-3.5
1988-08,-2.28,-2.35,-3.83,-1.81,-2.32,-2.28,-3.22,-3.9,-2.61,-1.25,-2.67,-2.06,-1.81,-2.81,-2.76,-3.75,-4.01,-3.76
1988-09,3.35,4.1,4.29,2.4,4.22,3.29,5.13,3.99,3.15,1.88,4.15,4.27,2.62,4.05,5.5,4.71,4.57,3.26
1988-10,2.97,1.77,1.46,1.09,3.11,1.81,2.61,-0.36,0.86,1.25,4.53,2.04,1.49,2.16,1.46,3.92,0.32,-1.23
1988-11,-0.77,-1.59,-2.5,-1.9,-0.71,-1.64,-1.73,-3.06,-3.34,-0.92,0.13,-1.36,-1.38,-1.94,-1.69,-1.78,-3.09,-3.02
1988-12,1.73,1.89,2.77,2.32,1.69,2.0,1.5,3.82,2.81,1.98,1.29,2.0,1.59,2.47,1.56,1.43,3.65,4.04
1989-01,7.09,6.16,7.15,6.76,6.35,6.26,7.05,6.76,6.7,6.8,7.34,5.57,6.34,6.18,6.52,7.68,6.39,7.23
1989-02,-0.1,-1.96,-2.3,0.2,-1.04,-2.11,-2.32,-2.02,-0.98,0.98,-0.32,-1.62,-1.99,-2.24,-2.01,-2.69,-2.79,-1.04
1989-03,2.96,2.29,1.73,2.63,3.63,1.37,1.79,2.2,2.16,2.94,3.2,3.98,2.54,0.06,2.39,1.08,2.48,1.87
1989-04,4.87,5.11,5.13,4.25,5.66,4.16,5.43,5.46,3.74,4.58,5.31,5.95,3.73,4.67,6.06,4.67,5.44,5.48
1989-05,4.0,4.27,3.96,4.41,4.39,3.4,4.43,4.29,4.71,4.23,3.69,4.96,3.69,3.06,5.19,3.5,4.6,3.9
1989-06,-0.29,-0.32,-1.32,-0.26,0.1,0.35,-1.21,-2.25,-0.46,-0.14,-0.31,0.41,-0.17,0.93,-2.19,0.0,-1.56,-3.13
1989-07,8.04,7.65,8.35,8.67,7.29,8.37,7.48,8.33,9.29,8.32,7.42,7.1,8.65,8.16,6.69,8.39,9.67,7.35
1989-08,2.02,1.85,2.56,2.52,1.22,1.74,2.15,3.06,3.85,1.77,1.52,0.77,1.78,1.7,2.87,1.34,2.57,3.43
1989-09,0.84,-0.48,-0.41,1.27,-0.02,0.15,-0.82,-0.59,0.26,1.84,0.41,-0.68,-1.14,1.15,-1.58,0.04,0.44,-1.36
1989-10,-2.1,-3.37,-2.85,-3.3,-2.24,-2.78,-3.4,-2.84,-4.1,-2.85,-0.92,-4.26,-3.32,-2.38,-3.87,-2.87,-2.27,-3.27
1989-11,2.68,1.71,1.08,2.45,2.52,2.23,0.47,1.37,3.52,1.86,2.9,1.92,1.41,2.87,0.55,0.37,1.56,1.23
1989-12,3.67,1.63,0.89,3.96,2.98,1.51,2.34,-0.13,2.23,4.93,3.39,2.33,1.42,1.59,1.35,3.44,-0.91,0.47
1990-01,-7.07,-7.12,-7.43,-7.86,-6.28,-8.15,-6.94,-7.07,-7.27,-8.18,-6.29,-6.27,-7.67,-8.51,-5.69,-8.29,-7.94,-6.4
1990-02,1.82,1.5,1.68,2.37,1.22,0.87,1.61,2.35,2.22,2.46,1.3,1.1,0.59,1.09,3.02,-0.02,2.08,2.55
1990-03,2.22,2.15,3.1,2.87,1.71,2.5,2.16,3.25,2.15,3.26,1.59,1.89,1.76,3.06,1.68,2.72,2.11,4.09
1990-04,-3.72,-2.5,-2.09,-3.65,-3.93,-1.88,-2.85,-1.65,-3.07,-3.96,-3.79,-4.16,-2.38,-1.51,-2.51,-3.25,-1.1,-2.04
1990-05,8.32,9.31,9.58,7.74,8.31,9.95,8.99,10.0,9.93,6.54,8.89,7.36,8.87,10.76,9.43,8.47,11.8,8.68
1990-06,-1.52,-0.33,0.01,-2.73,-0.65,0.69,-1.74,0.66,-1.75,-3.28,-0.36,-1.14,0.29,0.98,-1.77,-1.72,1.27,0.19
1990-07,0.98,-0.88,-2.93,-0.11,0.42,-1.3,-0.26,-4.01,-0.18,-0.09,1.77,-1.12,-1.99,-0.41,-0.08,-0.56,-3.14,-4.93
1990-08,-7.88,-9.08,-10.96,-9.01,-7.11,-9.78,-9.92,-10.76,-10.65,-8.27,-7.09,-7.14,-9.42,-10.25,-9.04,-11.39,-10.51,-11.02
1990-09,-3.73,-4.28,-8.44,-6.45,-1.91,-4.0,-6.85,-8.49,-7.64,-5.93,-1.86,-1.97,-3.23,-4.97,-5.98,-8.35,-7.73,-9.32
1990-10,-2.44,0.33,-2.76,-5.26,-0.58,0.52,-0.41,-3.07,-6.73,-4.62,-0.58,-0.57,0.45,0.6,0.55,-2.11,-2.86,-3.31
1990-11,4.84,6.19,9.61,6.37,4.83,5.33,7.61,10.6,4.97,6.96,3.89,5.94,5.97,4.5,7.67,7.51,10.28,10.95
1990-12,2.23,2.55,4.63,2.82,2.06,2.41,3.58,4.54,1.02,3.57,1.84,2.31,2.42,2.41,2.9,4.82,4.33,4.77
1991-01,1.85,4.33,8.6,3.56,1.8,5.58,4.53,9.34,6.75,2.26,0.74,3.02,5.67,5.47,3.15,6.99,8.42,10.37
1991-02,7.27,7.26,8.22,9.18,6.56,7.14,7.28,8.79,11.17,8.33,6.01,7.2,6.71,7.7,7.47,6.96,7.69,10.0
1991-03,2.68,2.85,3.84,3.0,2.23,1.69,4.19,4.39,1.73,3.55,2.46,1.97,-0.02,3.91,5.12,2.57,4.0,4.81
1991-04,1.25,-0.12,0.37,0.31,0.83,-0.2,0.94,-0.51,0.62,0.18,1.92,-0.38,-1.49,1.42,0.12,2.4,-0.67,-0.34
1991-05,1.74,3.98,5.65,2.62,1.76,3.88,5.57,5.18,2.03,2.88,1.12,2.48,3.7,4.09,4.92,6.7,4.69,5.71
1991-06,-3.91,-4.36,-5.05,-5.91,-2.95,-4.46,-4.55,-5.37,-7.34,-5.31,-2.49,-3.48,-5.51,-3.19,-4.68,-4.34,-4.42,-6.37
1991-07,4.2,4.02,5.52,3.8,4.34,3.93,4.43,6.13,2.56,4.21,4.5,4.18,3.21,4.56,4.1,4.64,5.01,7.8
1991-08,3.22,1.8,3.61,2.24,2.94,1.33,2.52,4.41,1.59,2.46,3.92,2.01,1.58,1.12,2.66,2.43,4.3,4.58
1991-09,-0.62,-0.85,-1.62,-2.31,0.21,-0.19,-1.8,-1.9,-0.76,-2.81,0.59,-0.15,0.49,-0.79,-2.71,-1.2,-2.22,-1.43
1991-10,1.8,1.69,1.56,1.24,2.54,1.07,1.64,1.76,4.54,0.16,2.18,2.89,1.28,0.89,2.21,1.27,1.34,2.36
1991-11,-3.48,-5.0,-2.52,-5.09,-3.02,-5.45,-3.95,-2.0,-4.75,-5.21,-2.37,-3.66,-5.14,-5.71,-4.96,-3.28,-2.27,-1.63
1991-12,9.41,9.2,13.71,8.92,9.27,8.48,11.28,15.2,8.91,8.93,9.73,8.82,7.12,9.68,11.01,11.46,15.3,15.06
1992-01,2.49,-1.46,-0.49,8.09,-0.63,-1.89,-0.68,-0.71,11.46,6.91,-1.23,-0.03,-1.87,-1.91,-1.53,-0.14,-2.2,1.37
1992-02,2.99,1.45,0.74,5.19,1.18,1.73,0.74,0.93,4.06,5.6,1.39,0.97,2.46,1.1,1.19,0.45,1.09,0.71
1992-03,-1.81,-1.8,-2.69,-2.05,-1.85,-1.38,-1.24,-4.14,-2.26,-1.97,-1.63,-2.08,-1.69,-1.1,-2.5,-0.44,-2.74,-6.06
1992-04,1.74,3.66,-0.12,0.1,3.57,4.71,1.69,-1.57,-2.54,1.02,2.98,4.16,5.32,4.18,1.13,2.04,-0.92,-2.5
1992-05,0.53,0.59,0.74,1.23,0.53,0.83,0.39,0.72,-0.07,1.67,0.0,1.04,0.96,0.71,-0.24,0.77,0.45,1.11
1992-06,-1.94,-1.08,-2.73,-1.65,-1.47,-0.57,-2.29,-3.09,-2.37,-1.4,-2.17,-0.8,0.27,-1.31,-2.41,-2.21,-2.55,-3.85
1992-07,3.15,4.01,4.34,3.42,3.53,4.33,4.23,4.07,3.65,3.29,2.95,3.86,5.64,2.93,3.27,4.77,4.16,3.97
1992-08,-3.65,-1.81,-2.02,-4.29,-2.02,-2.05,-1.36,-2.56,-4.97,-3.91,-3.18,-1.35,-1.56,-2.61,-1.73,-1.16,-2.87,-2.25
1992-09,1.22,0.91,2.01,2.67,0.4,0.93,1.4,2.39,0.23,4.01,0.15,0.55,1.45,0.33,1.39,1.4,2.3,2.49
1992-10,2.05,-0.45,2.74,1.83,0.49,-1.5,2.13,3.34,1.0,2.27,2.22,-0.48,-2.18,-0.74,2.73,1.8,2.37,4.32
1992-11,4.07,3.09,5.5,4.5,2.82,3.1,3.95,6.55,3.5,5.02,3.75,2.27,2.18,4.12,4.2,3.81,6.32,6.78
1992-12,2.08,1.52,1.9,3.36,2.17,0.79,2.09,1.67,2.44,3.83,1.1,2.81,2.0,-0.54,1.78,2.27,2.16,1.18
1993-01,3.48,0.95,0.34,4.81,2.7,0.8,-1.13,1.19,4.42,5.01,2.44,2.85,0.84,0.77,-1.29,-1.04,1.38,1.0
1993-02,2.16,2.25,-2.01,1.55,3.19,2.01,-0.23,-2.64,1.21,1.73,2.64,3.51,1.58,2.49,1.09,-0.96,-0.92,-4.33
1993-03,2.98,2.69,2.13,2.55,3.88,1.31,3.29,1.8,4.59,1.53,3.31,4.2,1.21,1.43,4.39,2.67,1.83,1.78
1993-04,-1.66,-1.95,-4.1,-1.29,-1.19,-2.65,-2.33,-4.99,-0.79,-1.55,-1.94,-0.76,-2.64,-2.65,-1.77,-2.65,-3.1,-6.92
1993-05,3.25,2.09,4.13,3.08,2.32,2.0,2.39,5.4,3.43,2.9,3.38,1.72,1.36,2.71,2.9,2.1,5.49,5.31
1993-06,0.7,1.04,-0.3,1.39,0.67,1.12,0.99,-1.11,0.77,1.71,0.17,0.96,1.62,0.57,0.92,1.03,-1.4,-0.81
1993-07,0.66,0.63,-1.64,1.49,0.71,1.18,-1.35,-1.76,4.21,0.14,-0.07,1.55,1.92,0.4,-1.21,-1.46,-1.36,-2.12
1993-08,4.18,3.62,4.05,4.74,3.87,3.51,3.89,3.88,5.35,4.43,3.68,4.07,3.41,3.62,3.39,4.29,3.21,4.48
1993-09,0.71,-0.65,0.42,0.53,0.78,-1.1,-0.61,0.87,1.09,0.24,0.87,0.68,-0.9,-1.32,-1.1,-0.22,-0.11,1.74
1993-10,2.05,1.54,1.6,3.38,0.86,2.12,1.21,1.85,3.69,3.23,0.87,0.85,2.53,1.69,1.15,1.25,2.13,1.6
1993-11,-2.12,-1.88,-0.55,-1.86,-2.63,-1.49,-1.12,-0.42,-2.76,-1.39,-2.36,-2.91,-1.04,-1.97,-1.6,-0.74,-1.2,0.26
1993-12,1.63,2.05,1.89,1.67,1.38,1.95,2.92,1.28,0.87,2.07,1.59,1.17,2.71,1.13,3.08,2.79,1.97,0.67
1994-01,4.21,2.67,2.94,4.2,3.56,2.98,2.5,2.92,5.08,3.77,4.22,2.88,2.61,3.38,1.89,2.96,3.06,2.8
1994-02,-2.89,-2.88,-1.28,-2.51,-3.23,-3.5,-1.73,-0.8,-4.24,-1.66,-3.24,-3.22,-3.34,-3.67,-1.39,-1.98,-2.25,0.49
1994-03,-4.12,-4.04,-5.05,-4.26,-4.0,-4.42,-3.98,-5.45,-5.06,-3.89,-3.99,-4.01,-4.47,-4.35,-3.36,-4.46,-4.49,-6.28
1994-04,1.71,1.28,0.27,1.3,1.87,1.33,0.43,0.39,1.46,1.23,2.09,1.63,1.86,0.74,0.87,0.09,1.66,-0.72
1994-05,1.48,0.7,1.12,1.96,0.87,-0.11,1.99,0.62,0.75,2.51,1.04,0.68,-0.08,-0.14,2.18,1.83,0.44,0.78
1994-06,-2.82,-1.73,-3.6,-2.86,-1.43,-1.93,-3.27,-3.67,-4.65,-2.07,-2.79,0.01,-1.71,-2.17,-2.98,-3.5,-3.04,-4.24
1994-07,3.27,2.84,3.42,3.14,3.73,2.6,2.76,3.3,2.7,3.42,3.38,4.04,2.61,2.59,1.91,3.73,4.54,1.91
1994-08,4.18,3.69,5.5,6.01,3.31,2.97,4.3,6.12,5.39,6.41,2.47,4.08,2.89,3.07,4.62,3.94,4.0,8.58
1994-09,-1.7,-1.6,-2.7,-0.12,-2.35,-1.81,-2.34,-2.36,0.33,-0.41,-3.22,-1.57,-2.39,-1.16,-1.22,-3.58,-3.26,-1.36
1994-10,1.32,1.75,2.17,0.77,2.05,1.41,1.46,2.61,-0.8,1.75,1.88,2.19,0.55,2.36,1.86,1.0,3.19,1.97
1994-11,-4.38,-3.11,-3.57,-4.38,-3.89,-3.47,-2.89,-3.46,-3.53,-4.9,-4.38,-3.45,-4.68,-2.15,-2.03,-3.87,-3.71,-3.17
1994-12,1.31,1.53,1.12,1.7,0.91,1.66,1.48,1.22,1.64,1.74,0.92,0.9,1.95,1.35,2.04,0.84,1.78,0.61
1995-01,1.28,2.5,2.52,0.75,2.62,2.01,2.98,2.12,2.34,-0.23,1.81,3.34,1.62,2.42,2.47,3.57,2.52,1.68
1995-02,4.59,3.62,4.28,4.62,3.91,4.26,3.03,4.62,4.53,4.68,4.56,3.33,3.79,4.74,2.74,3.36,5.2,3.96
1995-03,3.89,2.06,2.55,3.75,2.98,1.77,2.19,2.87,1.71,5.04,4.02,2.06,2.24,1.28,2.63,1.68,1.96,3.91
1995-04,2.93,2.85,2.14,3.66,2.96,2.22,2.58,2.21,1.63,4.9,2.21,3.63,1.77,2.69,3.12,1.95,2.03,2.42
1995-05,3.34,3.45,3.71,2.51,3.74,3.05,3.95,3.79,3.99,1.63,4.16,3.36,2.56,3.54,4.33,3.51,3.94,3.62
1995-06,1.44,2.02,5.31,3.06,0.75,2.64,2.68,5.74,3.5,2.79,-0.14,1.54,2.72,2.55,1.46,4.12,4.95,6.64
1995-07,3.65,3.13,5.56,3.43,2.36,4.23,4.24,5.78,4.54,2.27,3.99,1.11,3.95,4.52,3.26,5.1,4.18,7.58
1995-08,1.58,0.85,0.87,1.69,0.66,0.77,1.4,0.86,1.93,1.42,1.42,0.07,0.85,0.68,1.99,0.9,0.59,1.15
1995-09,3.71,4.08,3.64,3.86,4.37,3.99,3.16,3.85,4.91,2.73,3.5,5.06,3.31,4.71,3.1,3.21,4.2,3.46
1995-10,-1.44,-0.52,-1.41,-2.02,-0.2,0.05,-2.25,-1.14,-1.25,-2.86,-0.57,0.1,0.85,-0.78,-2.53,-2.0,-1.27,-0.99
1995-11,4.85,5.4,2.78,5.11,4.46,5.69,4.88,2.22,4.56,5.72,4.46,4.46,5.57,5.82,5.92,3.98,2.68,1.71
1995-12,3.23,2.31,-0.58,4.71,1.78,2.62,1.14,-1.24,6.05,3.25,1.0,2.39,3.12,2.09,1.5,0.82,-1.23,-1.27
1996-01,3.88,2.79,1.95,3.33,3.12,3.05,3.08,1.52,3.53,3.11,4.73,1.9,2.31,3.85,3.33,2.86,2.33,0.62
1996-02,1.13,1.1,3.04,0.46,1.49,0.82,2.9,2.67,-0.21,1.2,2.13,0.99,0.7,0.94,1.88,3.81,1.62,3.85
1996-03,0.8,1.27,1.17,0.98,1.21,0.93,1.63,0.87,0.94,1.03,0.54,1.75,1.36,0.48,1.44,1.81,0.53,1.24
1996-04,1.95,0.88,4.05,3.09,0.85,0.59,1.57,5.01,3.89,2.22,0.24,1.32,0.73,0.44,1.0,2.08,4.06,6.04
1996-05,1.9,2.31,3.7,2.36,1.53,2.32,3.35,3.69,3.57,1.03,1.18,1.8,2.47,2.15,2.92,3.73,4.39,2.93
1996-06,0.04,0.19,-1.62,0.15,0.8,0.45,-1.21,-2.14,0.24,0.05,-0.13,1.52,0.75,0.12,-2.01,-0.52,-0.75,-3.66
1996-07,-4.47,-4.61,-6.96,-4.83,-4.29,-4.61,-5.22,-7.38,-5.91,-4.0,-3.91,-4.68,-4.43,-4.75,-4.55,-5.99,-4.52,-10.07
1996-08,1.68,2.79,4.52,2.47,1.06,3.2,3.79,4.39,1.21,3.43,0.45,1.68,4.17,2.46,2.9,4.81,3.89,4.89
1996-09,3.97,4.67,6.99,4.1,3.7,4.18,6.0,7.61,2.57,5.23,3.76,3.65,4.38,4.03,6.38,5.58,7.72,7.49
1996-10,2.64,2.63,-0.36,2.18,3.29,2.43,1.52,-0.66,2.08,2.26,3.37,3.22,3.2,1.82,2.56,0.34,1.11,-2.44
1996-11,6.31,6.83,7.26,6.63,5.89,7.1,6.32,8.01,5.03,7.78,5.8,5.97,5.91,8.04,7.0,5.53,9.03,6.94
1996-12,0.0,-1.28,-1.84,-0.83,0.58,-0.71,-2.9,-1.53,1.07,-2.17,1.32,-0.14,-1.07,-0.45,-3.19,-2.56,-0.22,-2.92
1997-01,5.07,5.26,5.93,5.52,4.78,5.11,5.07,6.56,4.66,6.15,4.38,5.18,6.4,4.14,5.61,4.44,9.03,3.91
1997-02,0.84,1.27,-1.78,0.23,0.75,2.53,1.16,-3.45,1.68,-0.81,1.8,-0.31,2.51,2.54,0.17,2.33,-3.31,-3.6
1997-03,-3.93,-4.27,-5.16,-4.5,-2.32,-5.2,-4.15,-5.81,-5.0,-4.13,-3.05,-1.59,-5.65,-4.87,-4.59,-3.64,-4.41,-7.41
1997-04,3.05,5.81,4.64,4.17,2.11,5.32,6.61,5.02,2.11,5.67,1.33,2.89,6.24,4.64,9.07,3.77,9.05,0.29
1997-05,6.13,6.12,8.52,5.93,6.18,6.51,6.05,9.33,5.32,6.34,6.44,5.93,7.47,5.78,5.55,6.65,7.31,11.91
1997-06,4.35,4.8,3.56,4.45,4.3,4.95,4.9,2.96,4.65,4.31,4.2,4.39,4.21,5.51,4.83,4.98,2.5,3.53
1997-07,6.21,6.88,10.06,6.21,6.61,5.62,8.63,11.19,7.88,5.23,6.21,7.08,4.09,7.11,9.65,7.68,13.68,8.03
1997-08,-3.66,-4.39,-3.01,-2.75,-4.12,-4.75,-4.58,-2.14,0.15,-4.52,-4.46,-3.72,-5.13,-4.39,-4.27,-4.88,-1.77,-2.64
1997-09,5.7,5.42,6.17,5.88,5.61,5.24,6.4,5.69,5.9,5.87,5.54,5.7,5.39,5.11,5.54,7.24,4.72,7.01
1997-10,-3.13,-2.6,-4.52,-2.92,-3.66,-2.14,-2.95,-4.85,-1.77,-3.64,-3.31,-4.07,-1.79,-2.47,-2.06,-3.8,-6.15,-3.11
1997-11,4.42,3.7,2.66,3.98,4.04,3.89,4.9,1.17,3.83,4.07,4.81,3.11,4.89,2.95,3.89,5.87,2.25,-0.22
1997-12,3.28,2.61,-0.11,2.96,3.1,2.82,1.53,-0.6,3.41,2.67,3.55,2.55,1.85,3.76,2.2,0.9,-2.12,1.42
1998-01,-0.07,-0.06,2.09,1.06,-1.19,-0.14,1.43,2.43,0.02,1.75,-1.04,-1.37,0.17,-0.43,1.45,1.41,3.94,0.46
1998-02,5.42,7.79,8.38,4.81,6.22,7.24,7.97,9.67,5.48,4.37,5.97,6.53,5.28,9.1,10.26,5.77,10.89,8.01
1998-03,4.18,5.81,4.88,5.63,4.03,5.48,6.86,3.96,5.35,5.81,2.92,5.39,6.0,5.01,6.9,6.82,3.09,5.16
1998-04,0.18,1.28,2.01,-1.33,1.17,0.18,2.34,2.7,-1.17,-1.43,1.52,0.75,-0.62,0.9,4.09,0.59,2.2,3.38
1998-05,-1.36,-1.76,-3.96,-0.89,-1.67,-1.42,-2.66,-4.59,-1.65,-0.39,-1.77,-1.55,-1.36,-1.47,-2.67,-2.65,-4.56,-4.63
1998-06,1.9,3.11,5.81,0.7,1.7,3.87,4.53,6.28,-1.81,2.31,2.93,0.22,3.48,4.22,4.22,4.87,8.29,3.48
1998-07,-1.92,-1.91,-2.23,-2.75,-0.91,-1.87,-3.37,-1.97,-1.68,-3.76,-1.06,-0.76,-2.39,-1.53,-4.09,-2.8,-0.8,-3.73
1998-08,-12.14,-15.45,-18.54,-14.3,-12.81,-15.05,-16.72,-19.36,-17.16,-11.64,-9.97,-15.54,-13.92,-15.78,-16.71,-16.73,-18.08,-21.33
1998-09,7.02,4.77,9.02,8.08,3.84,5.89,7.37,9.52,9.45,6.89,6.02,1.58,5.98,5.83,6.62,7.95,10.52,7.93
1998-10,6.95,8.44,6.1,6.0,8.95,7.78,8.12,5.06,7.13,4.98,7.87,10.12,7.87,7.72,7.79,8.37,4.55,5.91
1998-11,6.44,5.24,8.15,6.85,5.49,4.96,8.67,7.3,8.19,5.64,6.05,4.89,5.39,4.66,6.92,9.96,8.4,5.49
1998-12,4.16,6.43,8.45,5.56,5.41,5.22,7.66,8.8,8.8,2.73,2.86,8.21,4.19,5.94,7.57,7.72,9.95,6.88
1999-01,-0.46,1.8,9.54,1.6,1.01,0.15,4.61,11.18,4.48,-1.06,-2.43,4.65,-0.09,0.31,2.48,6.13,14.17,5.99
1999-02,-2.7,-1.58,-7.52,-2.04,-3.21,0.07,-5.18,-8.39,-1.83,-2.25,-3.38,-3.06,1.17,-0.67,-4.53,-5.62,-9.9,-5.62
1999-03,4.2,2.8,4.4,5.83,2.58,2.76,2.99,5.13,10.08,1.6,2.5,2.66,1.39,3.71,3.16,2.86,7.13,1.63
1999-04,6.37,3.97,3.33,6.13,4.06,4.16,4.84,3.51,1.71,10.61,6.62,1.65,3.98,4.27,7.56,2.95,-0.89,11.84
1999-05,-0.59,-1.35,-3.2,-2.59,0.04,-2.43,-1.02,-3.05,-4.0,-1.27,1.47,-1.39,-2.96,-2.08,2.45,-3.54,-2.11,-4.63
1999-06,2.63,4.64,7.99,2.43,2.9,5.08,6.63,8.38,2.45,2.41,2.83,2.97,4.79,5.28,5.94,7.16,9.38,6.64
1999-07,-2.28,-2.14,-5.05,-0.69,-3.05,-1.95,-2.68,-5.87,-1.84,0.05,-4.45,-1.73,-0.25,-3.59,-2.75,-2.57,-3.48,-8.21
1999-08,-2.78,0.19,-1.64,-2.23,-2.74,0.87,-1.12,-0.88,-3.73,-1.3,-3.56,-1.99,1.01,0.72,0.57,-3.87,2.33,-4.21
1999-09,-3.0,-3.07,-1.36,-2.89,-3.14,-4.66,-0.25,-1.78,-2.07,-3.39,-3.16,-3.13,-6.26,-3.06,-0.33,-0.1,-2.82,-0.63
1999-10,4.12,5.93,8.1,2.52,4.09,4.84,9.09,8.47,6.74,-0.04,6.41,2.01,1.97,7.63,10.32,6.99,5.3,11.89
1999-11,1.31,2.84,4.63,1.33,2.96,3.72,1.89,4.66,0.46,1.89,1.29,4.54,0.81,6.38,0.34,4.52,5.08,4.24
1999-12,2.1,5.63,12.67,4.76,3.11,3.1,8.94,13.77,8.31,2.51,-1.54,7.37,-0.46,6.18,8.7,9.33,17.34,10.09
2000-01,-1.52,-4.48,-5.37,-2.07,-1.66,-4.37,-3.99,-6.84,-2.91,-1.45,-0.77,-2.41,1.38,-9.11,-6.02,-0.68,-7.79,-5.8
2000-02,-2.58,-0.76,6.64,0.65,-0.79,-2.07,2.14,5.87,5.87,-3.06,-6.97,4.46,-1.26,-2.82,-2.21,8.94,6.06,5.67
2000-03,8.34,7.77,7.2,5.62,9.17,7.12,7.69,7.9,3.19,7.51,12.33,6.78,10.57,3.9,9.53,5.15,11.63,3.86
2000-04,-2.76,-0.36,-9.52,-2.16,-3.1,0.07,0.22,-12.54,-5.71,0.49,-3.57,-2.73,-0.12,0.26,0.65,-0.39,-15.01,-9.67
2000-05,-2.6,-0.96,-6.1,-0.47,-3.83,-0.6,-1.88,-6.88,-3.76,2.01,-5.47,-2.55,0.31,-1.5,-0.43,-4.03,-8.76,-4.83
2000-06,0.44,1.97,7.65,0.72,1.21,0.36,5.64,7.74,4.37,-1.86,0.04,2.1,1.59,-0.88,4.45,7.41,10.73,4.59
2000-07,0.47,-1.02,-3.37,-1.54,2.15,-1.49,-2.51,-3.2,-1.85,-1.23,2.76,1.59,-0.94,-2.01,-1.46,-4.36,-2.07,-3.76
2000-08,8.51,5.0,9.13,7.3,6.22,4.0,7.28,9.47,6.96,7.62,9.82,2.8,6.04,2.03,7.33,7.18,11.38,8.5
2000-09,-2.16,-0.34,-8.72,-2.3,-1.22,-0.1,-0.43,-10.24,0.35,-4.83,-2.01,-0.41,-1.72,1.52,-0.64,-0.04,-15.93,-7.24
2000-10,-0.37,0.76,-4.72,-0.34,1.07,1.3,-1.16,-5.24,-1.88,1.19,-0.41,2.54,-1.02,3.53,-0.69,-2.02,-3.59,-6.04
2000-11,-3.21,-4.4,-15.87,-5.65,-1.42,-2.63,-7.49,-17.7,-8.28,-3.05,-0.76,-2.05,-5.88,0.36,-7.84,-6.85,-15.27,-18.9
2000-12,5.33,4.49,-2.36,6.61,5.4,4.94,4.5,-4.62,5.63,7.56,4.1,6.68,6.47,3.62,2.84,7.55,-1.75,-6.08
2001-01,1.81,0.9,7.2,1.26,2.2,0.39,1.18,8.71,-0.28,2.65,2.34,2.06,1.68,-0.77,1.11,1.3,4.83,10.78
2001-02,-2.75,-3.87,-16.49,-2.64,-2.64,-3.66,-6.63,-18.1,-3.13,-2.2,-2.86,-2.43,-4.75,-2.67,-4.84,-9.79,-16.8,-18.76
2001-03,-4.27,-5.1,-9.41,-3.94,-3.72,-4.01,-7.19,-10.28,-4.09,-3.8,-4.59,-2.9,-3.3,-4.65,-7.75,-6.13,-6.4,-12.34
2001-04,6.75,5.77,11.26,6.62,6.46,3.73,8.23,12.36,6.96,6.33,6.88,6.08,3.01,4.38,8.73,7.32,9.87,13.77
2001-05,2.42,1.91,-0.47,3.6,2.44,1.99,1.36,-1.13,3.49,3.69,1.27,3.53,2.42,1.6,1.0,2.03,-3.67,0.25
2001-06,-1.66,-2.61,-0.14,-1.38,-2.17,-2.69,-1.51,-0.32,0.1,-2.67,-1.94,-2.39,-0.54,-4.63,-2.61,0.52,-0.81,-0.05
2001-07,-2.09,0.19,-3.38,-2.81,-0.72,-0.17,1.06,-4.26,-0.85,-4.08,-0.31,-0.84,1.09,-0.79,2.47,-0.09,-0.87,-6.8
2001-08,-2.12,-3.32,-9.42,-1.97,-2.75,-3.31,-4.96,-10.44,-3.09,-1.21,-2.48,-2.83,-3.67,-3.12,-3.99,-5.77,-8.13,-12.29
2001-09,-8.64,-6.41,-11.33,-7.87,-6.8,-7.57,-5.71,-12.75,-8.25,-7.59,-10.45,-5.69,-5.28,-8.68,-4.79,-6.5,-10.82,-14.36
2001-10,0.96,1.25,4.5,0.96,2.47,0.75,-1.01,6.55,0.57,1.23,0.97,2.9,0.36,0.95,0.1,-1.97,4.79,8.06
2001-11,8.18,6.22,9.19,7.94,4.56,7.95,6.68,9.86,7.91,7.97,8.77,3.38,5.55,9.2,6.45,6.88,10.01,9.73
2001-12,2.55,2.15,1.06,1.97,3.01,2.88,1.31,0.6,4.09,0.52,3.92,2.74,3.72,2.45,-0.25,2.69,3.5,-1.84
2002-01,0.2,-1.18,-1.53,-0.22,-1.33,-0.13,-0.71,-2.15,2.79,-2.29,1.18,-2.08,1.53,-0.98,-2.27,0.62,-0.78,-3.36
2002-02,-0.37,0.45,-4.95,-0.7,0.57,0.64,-1.35,-5.75,-1.73,0.04,0.42,0.62,1.89,-0.01,-0.24,-2.27,-3.26,-8.0
2002-03,5.95,3.17,5.07,5.45,4.5,3.52,3.29,5.17,5.77,5.22,7.1,3.71,2.83,3.88,1.58,4.75,4.42,5.89
2002-04,-1.68,-3.2,-8.01,-2.31,-4.18,-1.76,-4.64,-8.74,-2.18,-2.41,-0.22,-5.41,2.11,-3.8,-3.42,-5.65,-7.73,-9.69
2002-05,0.04,-0.61,-2.28,-0.15,0.85,-1.5,-0.08,-3.14,-0.57,0.15,0.46,0.98,-1.49,-1.5,-0.72,0.47,-2.0,-4.24
2002-06,-4.96,-7.21,-7.64,-5.65,-4.82,-8.91,-6.08,-8.12,-6.32,-5.2,-3.46,-5.26,-7.2,-9.86,-5.96,-6.17,-6.11,-10.1
2002-07,-9.13,-7.66,-7.79,-8.94,-8.26,-7.72,-7.06,-8.93,-8.36,-9.39,-9.32,-6.6,-9.52,-6.24,-8.29,-6.43,-6.72,-11.27
2002-08,-1.05,1.59,0.69,-1.08,0.2,0.35,1.07,1.43,1.81,-3.37,-1.02,2.05,-2.05,2.24,3.54,-0.17,2.02,0.78
2002-09,-12.15,-9.59,-9.77,-12.93,-10.48,-10.34,-10.35,-8.49,-12.4,-13.36,-11.4,-9.15,-9.48,-10.99,-8.6,-11.26,-8.12,-8.91
2002-10,9.29,6.99,8.32,9.44,8.34,6.84,9.05,6.83,11.35,7.83,9.15,7.2,10.76,3.8,7.09,10.1,6.56,7.15
2002-11,10.69,5.72,4.08,12.99,6.8,5.53,5.36,3.71,12.05,13.81,8.47,4.39,6.08,5.08,6.98,4.51,2.26,5.38
2002-12,-7.65,-4.53,-5.71,-11.05,-4.19,-3.91,-5.98,-5.44,-9.81,-12.12,-4.27,-4.07,-4.77,-3.17,-5.89,-6.03,-3.91,-7.15
2003-01,-1.93,-2.62,-3.05,-1.91,-1.68,-3.19,-3.17,-2.66,-3.05,-0.89,-1.95,-1.28,-3.62,-2.84,-2.56,-3.5,-2.33,-3.03
2003-02,-2.13,-2.28,-1.41,-0.41,-3.08,-2.57,-1.26,-1.83,-1.43,0.48,-3.72,-2.13,-3.28,-1.98,-1.9,-0.91,-1.04,-2.76
2003-03,-0.01,0.7,2.14,-0.75,1.06,-1.09,2.61,1.97,-0.1,-1.31,0.69,1.59,0.28,-2.21,3.1,2.34,3.63,-0.02
2003-04,9.07,7.46,8.53,9.96,7.13,7.46,8.83,8.26,8.35,11.36,8.23,5.54,7.16,7.72,8.81,8.84,6.51,10.42
2003-05,9.16,5.79,5.14,11.6,6.27,8.53,2.89,6.56,14.11,9.74,6.96,5.25,5.4,11.13,1.77,3.51,4.71,8.77
2003-06,0.86,1.67,1.57,-0.14,0.74,1.94,2.72,0.73,0.36,-0.53,1.81,-0.85,1.43,2.34,2.98,2.58,-0.03,1.59
2003-07,3.44,2.18,2.29,3.61,2.16,2.59,2.39,1.73,3.45,3.75,3.06,1.7,2.03,2.82,1.72,2.96,0.69,3.06
2003-08,4.79,2.55,1.23,5.61,4.41,2.4,1.08,1.43,6.69,4.68,3.0,5.15,2.75,2.27,1.19,1.0,1.19,1.72
2003-09,-1.89,-1.25,-0.72,-2.2,-3.13,-1.26,0.07,-0.98,-3.82,-0.76,-1.21,-4.11,-1.11,-1.32,0.64,-0.41,-0.29,-1.84
2003-10,8.18,5.82,5.71,8.15,8.55,5.34,4.61,6.86,7.32,8.87,8.24,8.71,6.7,4.8,4.92,4.35,7.11,6.55
2003-11,2.92,1.45,0.78,3.47,1.17,1.36,1.05,1.21,3.74,3.24,1.71,0.89,3.57,0.46,1.98,0.25,1.74,0.55
2003-12,5.07,4.23,4.35,4.87,5.08,3.82,5.23,3.17,4.23,5.43,5.5,4.86,2.23,4.48,4.57,5.8,2.64,3.86
2004-01,4.16,1.35,2.48,4.91,0.82,1.12,2.61,2.39,5.65,4.27,2.51,-0.08,2.32,0.63,2.66,2.57,2.02,2.87
2004-02,0.83,1.69,1.4,0.63,0.11,2.91,0.94,1.73,-0.63,1.75,1.26,-0.52,2.15,3.23,0.87,1.0,2.38,0.91
2004-03,-1.58,-1.07,-1.29,-1.94,-1.66,-0.81,-1.99,0.09,-2.06,-1.85,-0.77,-2.16,-0.83,-0.8,-0.88,-2.95,-0.02,0.23
2004-04,-3.25,-1.84,-0.92,-4.17,-1.4,-1.43,-1.36,-1.6,-5.9,-2.67,-1.25,-1.48,-1.27,-1.49,-2.81,-0.08,-0.94,-2.45
2004-05,1.73,0.82,1.56,2.52,0.88,0.33,1.74,1.21,2.5,2.54,0.11,1.31,-0.38,0.63,1.44,1.99,1.02,1.46
2004-06,2.21,1.72,1.98,1.79,2.19,1.29,2.73,1.23,1.91,1.68,3.09,1.69,2.4,0.84,2.55,2.88,1.24,1.21
2004-07,-5.49,-3.38,-3.88,-6.88,-3.82,-3.49,-2.45,-5.12,-8.22,-5.77,-3.28,-4.4,-3.4,-3.61,-2.76,-2.16,-3.59,-6.82
2004-08,-1.07,0.23,0.65,-2.12,0.4,-0.26,0.86,0.58,-2.48,-1.83,0.55,0.23,-0.56,0.17,0.98,0.74,0.57,0.59
2004-09,0.81,1.72,2.07,0.5,2.52,1.49,0.97,3.01,-1.2,1.85,1.27,3.9,0.71,2.6,1.13,0.82,2.85,3.19
2004-10,2.22,1.66,0.95,3.01,2.59,0.85,1.71,0.45,2.89,3.1,1.06,4.24,0.59,1.23,1.8,1.63,0.42,0.5
2004-11,4.71,4.38,5.01,4.81,4.75,5.04,3.84,5.37,6.19,3.74,4.56,4.96,3.79,6.76,3.15,4.51,5.22,5.55
2004-12,3.44,3.65,3.54,4.33,3.2,3.85,3.1,3.81,4.18,4.44,2.1,4.42,3.84,3.86,3.03,3.17,4.42,3.1
2005-01,-4.11,-1.79,-2.73,-5.24,-2.49,-1.77,-1.17,-4.08,-6.15,-4.51,-2.39,-2.59,-2.67,-0.55,-1.49,-0.86,-2.35,-6.11
2005-02,1.66,2.16,2.2,1.87,1.66,3.28,1.91,1.4,2.41,1.45,1.35,1.99,3.24,3.33,0.49,3.27,1.35,1.45
2005-03,-0.78,-1.35,-2.51,-0.99,-0.66,-1.61,-2.31,-1.83,-1.61,-0.5,-0.47,-0.88,-2.19,-0.86,-1.12,-3.41,-1.51,-2.22
2005-04,-2.78,-2.48,-2.02,-3.5,-2.35,-3.04,-1.69,-2.01,-2.93,-3.95,-1.73,-3.04,-2.88,-3.25,-1.34,-2.03,-1.62,-2.5
2005-05,4.4,3.31,4.22,5.3,3.77,3.65,2.65,5.15,4.66,5.8,3.1,4.53,3.9,3.33,2.28,3.0,4.27,6.25
2005-06,0.84,0.45,0.92,1.58,0.94,0.36,-0.05,1.56,1.99,1.27,-0.24,2.24,-0.27,1.18,-0.16,0.05,2.4,0.53
2005-07,3.46,4.41,4.22,3.78,3.82,3.31,4.41,5.12,4.43,3.38,3.02,4.7,3.17,3.42,6.14,3.08,6.01,4.16
2005-08,-0.96,-0.87,-0.89,-1.24,-1.06,-1.45,0.34,-1.71,0.07,-2.06,-0.58,-1.58,-0.49,-2.17,0.55,0.17,-2.07,-1.31
2005-09,0.44,0.34,1.49,0.54,-0.01,-0.15,1.24,1.88,1.44,-0.04,0.3,-0.35,-0.57,0.17,1.55,0.99,2.15,1.58
2005-10,-2.94,-1.89,-0.89,-2.93,-1.73,-1.14,-2.23,-0.91,-4.03,-2.22,-2.94,-0.4,-2.32,-0.23,-3.93,-0.86,-2.08,0.38
2005-11,3.71,2.91,5.14,2.88,4.9,2.05,4.42,4.89,2.84,2.9,4.84,4.96,1.26,2.62,3.07,5.47,4.34,5.46
2005-12,-0.06,0.03,0.14,0.21,-0.54,0.72,-0.31,0.3,0.96,-0.25,-0.41,-0.68,1.78,-0.05,-0.64,-0.06,0.12,0.49
2006-01,3.65,3.19,3.31,4.96,1.77,2.59,3.42,4.23,5.79,4.45,1.92,1.6,3.97,1.57,5.14,2.14,5.64,2.77
2006-02,1.0,0.34,-0.71,1.22,0.51,1.27,-0.74,-0.9,0.83,1.46,0.71,0.28,1.58,1.03,-1.08,-0.47,-0.68,-1.13
2006-03,1.75,1.44,2.24,2.49,1.52,0.75,2.19,2.14,2.21,2.66,0.75,2.38,0.48,0.96,1.98,2.36,2.07,2.22
2006-04,1.13,1.05,1.09,1.0,0.8,1.02,1.24,1.17,1.77,0.54,1.31,0.24,0.72,1.24,1.58,0.98,1.01,1.33
2006-05,-2.53,-1.65,-4.69,-2.65,-2.1,-1.3,-2.86,-5.63,-1.38,-3.42,-2.37,-1.8,-2.16,-0.66,-2.13,-3.44,-5.89,-5.35
2006-06,0.3,-0.13,0.19,0.49,0.09,-0.18,-0.13,0.39,1.01,0.18,0.04,0.14,0.4,-0.6,-0.22,-0.05,-0.12,0.92
2006-07,-0.77,0.61,-1.29,-0.46,-0.23,1.14,-1.75,-0.9,-1.39,0.82,-1.29,1.06,1.8,0.18,-1.58,-1.85,-0.1,-1.83
2006-08,4.13,2.32,1.03,4.97,2.61,2.83,0.66,1.18,4.45,5.68,2.69,2.51,2.55,3.24,0.41,0.81,1.54,0.75
2006-09,2.93,1.69,2.38,3.04,2.59,1.25,2.6,2.09,3.53,2.38,2.74,2.4,1.16,1.38,2.27,2.8,1.83,2.4
2006-10,3.65,3.67,3.47,3.27,3.62,4.21,2.47,4.36,3.13,3.45,4.33,2.78,4.69,3.51,2.95,2.18,3.33,5.58
2006-11,1.48,1.91,3.03,2.02,0.66,2.01,2.32,3.77,1.47,2.75,0.54,0.79,2.78,0.86,2.96,1.92,3.37,4.24
2006-12,2.24,1.7,-0.36,1.95,2.49,1.87,0.42,-0.81,2.78,0.85,2.75,2.16,1.74,2.08,0.59,0.32,0.44,-2.24
2007-01,1.61,1.75,2.17,1.31,2.72,0.87,1.9,2.67,1.08,1.63,2.12,3.45,0.22,1.84,2.66,1.41,2.49,2.87
2007-02,-2.32,-1.48,-1.04,-1.84,-2.44,-1.51,-1.28,-0.84,-2.1,-1.47,-3.12,-1.62,-1.88,-0.96,-1.18,-1.34,-1.08,-0.57
2007-03,0.48,0.95,2.0,0.69,0.44,1.27,0.78,2.5,0.51,0.94,0.14,0.8,2.2,-0.12,0.09,1.23,2.37,2.67
2007-04,5.05,4.0,3.19,5.22,4.05,4.26,3.61,3.13,5.0,5.54,4.75,3.22,4.61,3.73,4.11,3.28,2.55,3.8
2007-05,3.03,3.44,4.38,3.45,3.16,2.9,3.5,5.3,3.43,3.48,2.31,4.18,3.31,2.29,4.34,2.97,4.66,6.02
2007-06,-1.39,-2.06,-1.22,-1.21,-2.32,-1.65,-1.39,-1.46,-0.44,-2.31,-1.7,-3.05,-1.87,-1.3,-2.22,-0.85,-1.99,-0.86
2007-07,-3.9,-2.96,-3.31,-3.61,-3.44,-2.93,-4.08,-2.72,-4.5,-3.22,-4.41,-2.53,-1.97,-4.37,-3.44,-4.64,-3.52,-1.83
2007-08,1.47,1.13,1.63,0.59,1.56,1.57,0.91,2.07,-0.58,1.1,3.06,0.17,1.8,1.22,1.23,0.64,2.56,1.53
2007-09,1.86,3.74,4.48,2.51,2.85,3.37,3.43,4.89,2.83,2.38,0.69,4.9,3.81,2.69,3.3,3.54,3.56,6.36
2007-10,2.65,1.85,1.89,3.43,1.24,1.44,1.8,2.48,-0.3,5.05,1.21,1.26,1.2,1.82,3.27,0.5,0.38,4.75
2007-11,-4.81,-3.62,-4.98,-4.13,-4.73,-2.89,-4.3,-5.58,-5.06,-3.75,-6.08,-3.49,-3.1,-2.55,-5.14,-3.53,-5.48,-5.69
2007-12,-1.19,-0.93,0.11,-1.04,-1.51,0.11,-1.0,0.07,-2.08,-0.64,-1.46,-1.56,0.69,-0.82,-2.34,0.2,-2.27,2.49
2008-01,-5.88,-5.17,-6.93,-4.93,-6.43,-6.32,-3.96,-7.73,-5.75,-4.61,-7.71,-5.3,-6.59,-5.87,-2.71,-5.04,-4.65,-10.77
2008-02,-4.02,-1.98,-3.37,-3.29,-3.81,-0.94,-4.04,-2.91,-1.27,-4.06,-5.45,-2.38,0.39,-3.09,-3.62,-4.42,-1.71,-4.17
2008-03,-1.26,-0.12,-0.85,-0.5,-0.65,-0.61,-1.06,-0.49,-2.69,0.35,-2.78,1.14,-0.72,-0.44,-0.38,-1.67,-2.0,1.13
2008-04,2.67,4.19,6.35,2.26,2.0,5.38,5.97,6.24,3.62,1.75,3.52,0.76,6.66,3.23,5.27,6.62,5.43,7.08
2008-05,3.03,1.29,2.15,2.97,1.54,2.25,0.18,3.08,2.86,3.01,3.16,0.2,1.12,4.2,0.44,-0.06,1.77,4.44
2008-06,-8.25,-8.38,-8.23,-7.93,-8.86,-6.96,-9.13,-8.5,-9.06,-7.49,-8.91,-8.82,-5.74,-9.02,-10.83,-7.58,-8.91,-8.09
2008-07,-0.38,-1.36,0.18,-2.21,1.39,-0.72,0.37,-2.87,-4.44,1.12,1.23,1.69,0.7,-1.59,-3.32,4.05,0.35,-5.53
2008-08,2.97,1.59,0.99,3.31,2.47,1.71,1.29,0.68,3.82,2.58,2.67,2.09,1.95,1.56,1.23,1.34,1.43,0.03
2008-09,-8.82,-8.83,-9.65,-10.04,-8.22,-7.5,-7.51,-13.74,-8.32,-12.47,-7.76,-9.06,-9.62,-6.18,-10.37,-4.86,-11.38,-15.85
2008-10,-16.21,-16.59,-18.02,-19.76,-14.09,-17.2,-16.79,-18.69,-19.78,-19.74,-13.26,-15.67,-18.88,-16.2,-16.2,-17.3,-18.32,-19.03
2008-11,-6.67,-5.52,-10.52,-10.7,-4.43,-7.21,-7.68,-9.42,-10.73,-10.66,-3.56,-6.11,-7.37,-7.11,-3.14,-11.67,-9.2,-9.64
2008-12,1.77,1.81,1.83,0.61,2.63,2.54,0.64,2.86,-1.86,4.29,2.59,2.71,4.48,1.54,0.56,0.72,2.97,2.76
2009-01,-8.73,-8.41,-7.1,-7.62,-8.66,-9.77,-8.54,-4.76,-5.78,-10.18,-9.51,-6.97,-8.51,-10.45,-7.38,-9.65,-7.44,-2.19
2009-02,-9.6,-11.4,-8.75,-8.77,-10.95,-10.67,-11.32,-6.97,-8.32,-9.44,-10.19,-12.45,-10.84,-10.57,-11.83,-10.81,-7.41,-6.57
2009-03,7.58,7.89,10.9,9.64,6.64,7.95,9.63,10.55,10.05,9.04,6.08,7.76,7.82,8.03,7.88,11.32,9.69,11.33
2009-04,10.05,8.73,11.38,13.59,7.77,9.6,9.54,11.53,12.37,15.42,7.38,8.52,14.16,7.12,7.78,11.21,11.64,11.44
2009-05,4.8,3.75,6.65,4.75,3.71,4.22,5.26,6.98,4.68,4.86,4.84,1.52,4.35,4.14,4.14,6.28,6.54,7.32
2009-06,1.47,-0.26,0.59,2.71,1.25,-0.59,-0.29,0.73,4.89,-0.45,0.47,2.78,-0.22,-0.8,-1.12,0.44,0.7,0.74
2009-07,8.83,7.61,7.25,10.89,7.09,8.37,7.47,6.82,11.78,10.19,7.08,7.11,8.68,8.16,6.87,8.41,5.71,7.66
2009-08,4.53,2.9,3.09,6.66,3.22,2.21,2.96,3.29,5.23,7.79,2.67,3.88,2.56,1.97,3.23,2.54,3.6,3.06
2009-09,3.83,3.61,4.93,5.29,2.33,5.74,2.58,5.21,7.09,3.89,2.5,2.12,8.13,4.13,1.56,4.18,5.92,4.69
2009-10,-2.79,-2.44,-2.07,-4.18,-1.5,-2.88,-2.58,-1.8,-5.04,-3.5,-1.48,-1.53,-4.97,-1.42,-2.43,-2.8,-0.62,-2.69
2009-11,4.92,6.25,5.19,4.43,5.39,6.5,5.89,5.27,4.06,4.72,5.36,5.41,7.03,6.14,6.48,4.97,5.03,5.45
2009-12,2.06,2.24,4.15,3.74,1.47,2.89,2.15,4.23,4.89,2.84,0.53,2.65,2.85,2.91,1.02,3.91,3.6,4.71
2010-01,-4.36,-1.87,-4.69,-5.13,-1.97,-2.46,-2.86,-5.1,-5.95,-4.49,-3.64,0.1,-1.86,-2.89,-2.39,-3.57,-4.31,-5.7
2010-02,4.1,3.05,3.47,4.66,2.64,3.85,3.34,3.3,5.19,4.24,3.59,1.52,4.14,3.64,2.96,3.91,2.91,3.61
2010-03,7.26,5.56,6.39,7.94,5.56,6.36,5.46,6.62,7.05,8.64,6.62,4.28,7.75,5.34,5.26,5.74,4.66,8.11
2010-04,2.93,1.36,2.04,3.86,1.42,1.54,2.22,1.64,1.28,5.84,2.06,0.62,2.1,1.12,1.61,3.11,1.02,2.1
2010-05,-7.56,-7.22,-8.79,-7.6,-7.12,-7.52,-7.54,-9.04,-7.27,-7.85,-7.52,-6.63,-8.32,-6.93,-7.16,-8.09,-9.95,-8.38
2010-06,-7.19,-3.76,-6.68,-8.25,-3.89,-4.41,-5.24,-6.9,-9.15,-7.58,-6.18,-1.05,-6.14,-3.14,-4.67,-6.09,-7.35,-6.57
2010-07,7.33,7.66,6.13,8.18,7.93,7.32,7.28,5.63,6.6,9.26,6.64,9.16,7.7,7.01,7.14,7.4,6.08,5.23
2010-08,-6.27,-5.19,-3.84,-6.73,-7.65,-4.37,-4.27,-3.4,-6.7,-6.74,-5.89,-9.28,-5.38,-3.53,-3.48,-4.91,-3.51,-3.3
2010-09,9.36,9.15,9.98,11.52,8.77,8.79,8.73,10.68,11.73,11.38,7.61,9.9,9.6,8.13,9.32,8.23,10.16,11.14
2010-10,3.7,4.13,3.67,4.41,3.77,4.23,4.16,3.32,4.06,4.65,3.09,4.41,4.99,3.6,3.69,4.55,2.61,3.96
2010-11,1.4,1.29,-0.33,3.1,0.95,1.19,0.36,-0.39,2.15,3.71,-0.03,1.87,0.24,2.0,1.02,-0.18,-0.44,-0.35
2010-12,8.94,6.97,5.75,9.76,9.3,6.26,6.3,5.37,10.56,9.25,8.22,10.3,6.22,6.28,5.79,6.72,4.84,5.84
2011-01,2.02,2.73,1.43,2.09,2.83,3.26,1.08,1.48,1.32,2.59,1.96,3.62,2.99,3.48,0.83,1.29,2.0,1.03
2011-02,3.83,3.58,3.5,5.12,2.98,3.47,3.54,3.68,7.38,3.66,2.69,3.23,1.98,4.7,4.13,3.04,3.72,3.64
2011-03,0.56,0.74,0.32,0.64,-0.13,1.3,0.32,0.46,0.45,0.77,0.48,-0.68,1.47,1.15,0.75,-0.04,0.3,0.6
2011-04,2.71,3.08,3.0,2.03,2.02,3.57,3.68,2.82,1.8,2.17,3.33,0.85,3.91,3.3,3.92,3.48,3.77,1.98
2011-05,-2.08,-1.49,-0.7,-2.99,-2.19,-1.08,-1.09,-0.56,-2.75,-3.14,-1.27,-3.02,-0.74,-1.36,-1.12,-1.07,-0.12,-0.94
2011-06,-2.98,-1.39,-1.51,-3.5,-2.2,-1.25,-0.8,-1.96,-3.26,-3.66,-2.52,-1.91,-0.76,-1.64,-1.29,-0.38,-1.57,-2.31
2011-07,-4.07,-2.93,-0.9,-4.37,-3.3,-2.63,-2.62,-0.35,-5.01,-4.0,-3.62,-3.04,-2.45,-2.87,-3.55,-2.09,-2.9,1.46
2011-08,-5.68,-5.91,-6.06,-6.37,-6.08,-5.13,-6.01,-6.09,-8.87,-4.97,-4.62,-7.25,-4.95,-5.35,-6.03,-6.0,-6.37,-5.91
2011-09,-6.52,-8.14,-7.49,-6.97,-8.09,-7.62,-8.6,-6.56,-11.15,-4.74,-5.85,-9.95,-6.5,-9.09,-6.94,-9.53,-6.73,-6.44
2011-10,9.87,11.83,11.61,10.04,11.66,11.56,11.93,11.05,11.74,9.21,9.61,13.43,10.49,12.99,10.31,12.87,13.64,9.31
2011-11,0.27,0.01,-0.64,-0.15,0.11,-0.03,0.26,-0.88,-0.99,0.28,0.9,-0.56,0.11,-0.21,0.91,-0.11,0.01,-1.51
2011-12,2.59,1.12,-0.53,3.33,1.3,0.98,0.44,-0.68,1.74,4.12,1.51,1.12,1.13,0.78,1.52,-0.18,-1.85,0.14
2012-01,3.4,4.94,5.95,3.53,3.97,5.28,5.7,5.74,6.51,2.08,3.2,4.62,5.31,5.24,4.5,6.4,6.03,5.54
2012-02,4.0,3.79,5.14,4.24,5.08,3.3,3.57,5.35,4.18,4.27,3.64,6.29,3.03,3.66,1.63,4.68,4.4,6.02
2012-03,3.3,3.19,2.89,3.67,3.62,3.11,1.82,3.34,4.38,3.32,2.74,4.33,4.17,1.74,1.73,1.88,2.68,3.8
2012-04,0.05,-1.29,-0.72,-0.45,-0.7,-1.45,-0.57,-0.63,0.18,-0.77,0.8,-1.91,-1.18,-1.79,0.06,-0.92,-0.27,-0.88
2012-05,-3.97,-5.92,-7.37,-4.46,-5.03,-6.19,-6.81,-7.0,-6.04,-3.63,-3.23,-6.52,-5.64,-6.94,-4.35,-8.19,-7.98,-6.33
2012-06,4.49,3.75,3.72,4.83,4.4,3.41,3.12,4.0,4.78,4.86,3.98,4.76,4.31,2.18,3.18,3.08,3.63,4.25
2012-07,0.71,0.89,0.7,-0.06,1.0,0.9,1.04,0.75,-0.51,0.11,2.12,0.2,1.07,0.72,1.38,0.62,0.87,0.59
2012-08,2.64,1.53,4.02,4.28,0.93,1.55,1.88,4.65,5.39,3.88,-0.34,1.85,0.85,2.28,1.26,2.67,3.76,5.8
2012-09,3.97,2.89,1.74,4.55,3.38,2.45,2.2,2.04,2.79,5.18,2.87,3.74,2.27,2.63,3.1,1.08,2.36,1.64
2012-10,-0.35,-0.8,-3.89,0.14,-1.45,-0.68,-1.4,-4.49,-0.05,0.2,-1.27,-1.57,-1.04,-0.3,-0.47,-2.59,-3.11,-6.25
2012-11,1.21,0.38,1.06,1.07,1.23,0.21,0.35,1.3,0.64,1.22,1.51,1.03,0.42,0.0,0.21,0.53,1.21,1.42
2012-12,2.0,1.04,0.89,2.78,0.8,1.32,1.4,0.14,3.08,2.67,0.47,1.03,2.35,0.27,0.54,2.52,1.81,-2.04
2013-01,6.66,5.93,4.31,7.23,6.6,5.56,6.04,3.2,7.61,7.1,5.53,7.35,5.59,5.53,5.56,6.65,6.14,-0.78
2013-02,1.64,1.61,0.63,1.53,1.55,2.17,0.94,0.39,0.32,1.95,1.86,1.34,2.67,1.63,0.8,1.11,0.66,-0.01
2013-03,4.9,4.48,2.81,4.98,4.65,4.73,3.96,2.21,3.9,5.34,4.74,4.59,5.32,4.09,3.91,4.02,2.14,2.32
2013-04,1.56,1.54,1.51,1.21,1.52,2.3,0.9,1.58,1.34,1.17,2.27,1.0,2.62,1.96,0.51,1.39,2.24,0.6
2013-05,2.63,2.32,3.77,3.79,0.97,2.6,3.13,3.69,5.38,3.26,0.31,1.44,2.89,2.28,2.47,3.93,3.96,3.29
2013-06,-1.52,-0.71,-1.89,-1.76,-2.03,-0.02,-0.55,-2.54,-1.73,-1.77,-1.02,-2.73,0.28,-0.33,-0.52,-0.6,-1.9,-3.49
2013-07,5.31,5.47,6.12,5.67,5.33,5.67,4.14,7.77,6.88,5.07,4.96,5.78,6.07,5.31,4.76,3.63,5.67,10.28
2013-08,-3.17,-3.88,-0.86,-2.84,-3.52,-4.23,-2.2,-0.67,-1.74,-3.39,-3.5,-3.55,-4.43,-4.04,-3.45,-1.16,-2.44,1.35
2013-09,3.18,3.45,4.58,3.48,3.31,3.22,3.75,5.02,4.12,3.14,2.88,3.83,3.11,3.33,3.57,3.89,5.04,4.99
2013-10,4.73,3.87,4.23,5.39,3.68,3.98,3.99,4.52,4.67,5.76,4.07,3.21,3.72,4.21,4.27,3.77,5.88,3.03
2013-11,2.95,3.06,3.33,2.46,3.47,3.52,2.91,2.97,2.47,2.45,3.44,3.51,4.72,2.42,1.66,3.93,3.25,2.65
2013-12,2.84,2.38,2.89,2.42,2.72,2.18,2.74,3.17,2.46,2.4,3.27,2.07,3.08,1.33,3.11,2.44,2.98,3.39
2014-01,-4.6,-3.34,-2.43,-4.95,-3.95,-2.96,-3.6,-1.88,-3.71,-5.6,-4.25,-3.58,-1.79,-4.07,-3.94,-3.33,-2.07,-1.66
2014-02,4.58,4.38,5.14,4.33,4.88,3.79,4.67,5.64,4.91,4.02,4.83,4.94,3.01,4.55,5.13,4.3,4.78,6.62
2014-03,0.83,2.01,-1.47,1.13,0.79,2.28,1.54,-2.89,1.01,1.19,0.54,1.08,2.01,2.53,2.33,0.9,-3.12,-2.63
2014-04,0.74,0.23,-0.84,0.3,0.87,-0.17,-0.1,-0.84,-0.71,0.85,1.18,0.5,-1.69,1.29,0.81,-0.84,-1.99,0.44
2014-05,1.07,1.68,3.24,1.96,0.78,1.76,2.27,3.55,3.46,1.17,0.21,1.48,1.84,1.69,1.7,2.75,2.86,4.29
2014-06,1.61,2.01,3.7,1.95,1.46,1.54,2.9,4.4,3.88,0.91,1.28,1.67,2.33,0.79,3.33,2.55,4.54,4.25
2014-07,-2.62,-2.15,-1.31,-2.64,-2.48,-2.27,-1.89,-0.88,-2.86,-2.52,-2.58,-2.4,-2.85,-1.72,-1.71,-2.12,0.47,-4.24
2014-08,4.05,3.88,4.93,3.94,4.01,4.01,4.1,5.07,3.84,3.99,4.23,3.84,3.73,4.28,3.66,4.67,4.93,5.44
2014-09,-2.0,-1.9,-1.98,-1.8,-2.03,-1.97,-1.84,-2.08,-2.46,-1.44,-2.33,-1.78,-2.09,-1.85,-1.89,-1.79,-1.47,-3.68
2014-10,2.99,2.37,2.42,3.14,2.97,2.03,2.4,2.41,3.73,2.83,2.75,3.15,2.34,1.74,2.37,2.43,2.72,1.6
2014-11,3.08,2.11,2.84,2.86,2.09,2.54,2.64,2.66,3.49,2.53,3.43,1.01,2.84,2.26,2.19,3.2,3.59,0.16
2014-12,0.75,0.4,-1.47,0.6,0.78,0.42,0.36,-2.54,0.54,0.64,0.99,0.61,0.15,0.68,0.2,0.55,-3.28,-0.49
2015-01,-4.08,-3.45,-1.71,-4.99,-2.93,-3.17,-3.51,-1.19,-2.69,-6.23,-2.62,-3.19,-2.94,-3.38,-4.21,-2.64,-0.84,-2.15
2015-02,6.02,5.33,7.52,6.88,5.26,5.03,5.75,8.37,7.11,6.76,4.67,5.74,4.97,5.08,5.58,5.95,7.5,10.8
2015-03,-1.25,-1.28,-0.92,-1.6,-1.14,-1.53,-0.47,-1.23,-1.23,-1.8,-0.7,-1.5,-1.83,-1.25,-0.6,-0.32,-1.55,-0.38
2015-04,0.44,0.48,1.07,1.09,0.32,-0.3,0.13,2.41,0.01,1.7,-0.59,1.09,0.15,-0.71,1.46,-1.5,2.93,1.04
2015-05,1.45,1.23,1.48,1.85,1.64,0.88,1.08,1.64,2.34,1.58,0.8,2.32,0.72,1.02,1.0,1.18,1.15,2.95
2015-06,-2.02,-1.61,-1.09,-1.76,-1.31,-2.03,-1.44,-1.16,-2.47,-1.36,-2.45,-0.39,-2.27,-1.82,-1.82,-0.95,-1.5,-0.24
2015-07,0.84,1.59,2.44,0.62,1.15,1.52,2.14,2.6,0.69,0.57,1.08,1.22,1.03,2.0,2.07,2.21,4.35,0.01
2015-08,-5.84,-6.08,-6.13,-6.14,-5.63,-6.53,-5.24,-6.92,-4.68,-7.24,-5.5,-5.78,-7.15,-5.94,-5.51,-4.9,-5.79,-8.67
2015-09,-3.13,-2.43,-3.84,-4.05,-2.37,-1.79,-3.11,-4.53,-3.79,-4.26,-2.07,-2.69,-2.37,-1.24,-3.36,-2.81,-3.31,-6.48
2015-10,9.1,6.4,8.88,8.25,8.29,7.01,6.68,9.21,9.49,7.3,10.05,6.36,7.58,6.48,5.28,8.4,10.55,6.99
2015-11,0.38,0.29,1.52,-0.04,0.92,-0.36,1.04,1.64,-0.18,0.08,0.83,1.03,-0.78,0.05,0.78,1.34,1.26,2.29
2015-12,-1.99,-1.85,-3.04,-2.12,-1.75,-1.4,-3.68,-2.03,-2.0,-2.22,-1.86,-1.62,-1.11,-1.67,-2.94,-4.55,-1.36,-3.16
2016-01,-4.81,-5.05,-8.3,-3.98,-5.17,-5.43,-5.36,-9.75,-2.68,-5.01,-5.7,-4.58,-6.11,-4.78,-4.77,-6.06,-8.95,-11.13
2016-02,0.65,0.69,-2.05,0.33,0.99,0.72,-0.51,-2.41,1.04,-0.25,1.0,0.98,0.98,0.48,0.33,-1.53,-2.4,-2.42
2016-03,7.19,6.39,7.75,7.43,6.51,6.27,7.63,7.3,6.9,7.87,6.94,6.02,6.78,5.79,6.99,8.4,7.09,7.68
2016-04,1.36,1.58,-1.08,1.14,1.96,1.54,-1.82,1.63,1.67,0.7,1.6,2.37,1.23,1.83,0.88,-4.99,0.97,2.8
2016-05,0.57,1.38,3.83,0.44,1.46,1.07,2.47,3.56,0.24,0.6,0.72,2.3,0.49,1.63,1.04,4.26,4.33,2.23
2016-06,1.47,0.3,-2.7,1.18,1.53,0.04,-1.22,-2.8,2.5,0.12,1.78,1.25,-0.73,0.77,-0.13,-2.54,-3.26,-1.99
2016-07,3.55,3.1,5.32,3.17,2.91,4.18,4.0,5.08,2.16,3.9,4.02,2.04,3.14,5.22,2.33,5.86,6.04,3.98
2016-08,0.1,0.63,0.55,1.32,-0.51,0.7,0.9,0.43,1.48,1.2,-1.33,0.15,-0.36,1.75,0.99,0.81,1.59,-0.91
2016-09,0.42,-0.51,1.18,1.1,-0.39,0.0,-0.41,1.37,0.98,1.19,-0.41,-0.38,0.04,-0.04,-1.51,0.77,2.06,0.55
2016-10,-2.06,-1.52,-2.47,-2.09,-2.19,-1.32,-1.27,-2.93,-3.53,-1.04,-2.03,-2.32,-1.24,-1.41,-1.09,-1.46,-2.2,-3.82
2016-11,6.66,5.85,2.64,7.77,4.93,5.88,5.06,2.45,8.5,7.25,5.3,4.64,5.51,6.22,6.97,3.04,0.8,4.5
2016-12,1.63,2.5,1.14,1.3,2.29,2.45,2.22,0.84,0.84,1.63,2.04,2.48,2.83,2.1,2.62,1.79,0.57,1.16
2017-01,1.1,1.0,3.76,0.99,0.58,1.33,1.79,4.46,-0.27,1.88,1.23,0.07,-0.3,2.88,1.34,2.28,5.86,2.78
2017-02,3.14,3.75,3.78,2.39,3.73,4.18,3.22,4.09,0.16,3.95,4.06,3.46,4.18,4.17,3.31,3.12,5.17,2.74
2017-03,-0.46,-0.22,1.1,-0.15,0.03,-0.68,-0.26,1.69,0.36,-0.5,-0.82,0.72,-0.59,-0.77,-0.31,-0.21,2.89,0.17
2017-04,0.08,0.85,2.12,-0.75,0.9,1.25,1.42,1.87,-2.04,0.12,1.1,0.74,1.1,1.39,0.27,2.69,2.1,1.55
2017-05,-0.49,1.15,2.04,-2.01,0.92,1.61,1.42,2.07,-3.36,-1.11,1.33,0.59,1.85,1.39,0.9,1.98,3.52,0.17
2017-06,1.68,1.01,0.19,1.41,1.52,1.06,0.09,0.59,0.56,1.97,2.0,1.13,1.5,0.66,0.81,-0.67,-0.7,2.34
2017-07,2.42,1.0,2.77,0.96,2.83,1.04,1.62,2.75,0.69,1.29,3.67,2.07,0.21,2.02,0.08,2.8,2.62,2.85
2017-08,-1.26,-0.63,1.88,-0.92,-1.78,-0.2,1.73,0.92,-1.22,-0.57,-1.55,-1.98,0.49,-0.99,-0.13,3.13,1.29,0.62
2017-09,3.83,3.41,1.2,4.08,3.73,3.33,1.32,2.16,3.51,4.76,3.62,3.84,3.46,3.19,3.18,-0.02,2.96,1.52
2017-10,0.36,1.13,4.47,-2.03,0.78,1.23,3.68,4.38,-2.77,-1.15,2.53,-0.69,2.25,0.03,2.48,4.59,4.27,4.46
2017-11,3.55,4.05,2.35,1.57,4.5,3.88,3.56,1.9,1.17,2.04,5.25,3.84,2.91,5.06,4.44,2.92,2.05,1.78
2017-12,1.99,1.37,0.56,1.66,2.52,0.46,0.96,0.6,1.69,1.62,2.27,2.74,0.54,0.37,1.58,0.51,0.24,0.9
2018-01,4.83,4.5,7.35,3.74,4.73,5.06,4.71,9.14,2.39,5.29,5.74,3.84,6.17,3.73,4.25,5.06,8.02,10.03
2018-02,-5.9,-4.2,-1.84,-5.64,-6.09,-3.23,-2.51,-2.23,-6.47,-4.71,-6.12,-6.06,-3.01,-3.49,-4.11,-1.33,-3.15,-1.51
2018-03,-1.33,-2.2,-2.57,-0.44,-1.59,-2.49,-2.31,-2.91,-1.57,0.8,-2.06,-1.18,-2.95,-1.93,-2.56,-2.13,-2.06,-3.55
2018-04,1.82,-0.19,0.5,3.86,0.02,-0.3,-0.29,1.2,4.34,3.35,0.14,-0.08,-0.44,-0.13,-0.12,-0.4,-0.58,2.58
2018-05,1.32,1.28,4.75,1.58,1.62,1.51,2.83,4.84,1.23,1.97,1.1,2.09,1.8,1.17,0.3,4.64,5.61,4.26
2018-06,0.92,0.5,0.57,0.85,1.39,-0.55,0.06,1.45,0.5,1.23,0.98,1.76,-0.99,-0.01,1.01,-0.59,0.54,2.15
2018-07,3.48,3.53,3.29,2.61,4.6,3.92,3.26,2.66,3.23,2.1,4.62,4.58,5.08,3.04,1.64,4.34,3.31,1.73
2018-08,1.66,1.95,6.19,1.72,0.96,2.23,5.44,5.67,4.01,-0.17,1.6,0.48,1.09,3.1,2.93,7.05,3.88,8.23
2018-09,1.06,0.25,-0.29,1.26,0.38,0.07,0.5,-0.66,1.62,0.95,0.81,0.05,-1.11,0.97,0.84,0.3,-0.6,-0.73
2018-10,-5.23,-6.53,-9.19,-5.77,-5.83,-6.47,-5.54,-11.81,-7.09,-4.62,-4.55,-6.81,-5.2,-7.4,-6.39,-5.01,-8.98,-15.67
2018-11,2.15,2.83,0.74,1.75,2.76,2.83,0.53,1.83,1.57,1.9,2.65,2.84,2.35,3.21,2.83,-0.87,1.37,2.51
2018-12,-9.02,-9.47,-9.5,-9.48,-9.63,-9.46,-9.65,-8.89,-10.22,-8.88,-8.47,-10.53,-9.69,-9.29,-8.39,-10.45,-7.94,-10.29
2019-01,7.01,8.47,9.32,7.95,7.82,8.18,7.67,10.59,8.56,7.47,5.88,9.36,9.67,7.08,8.15,7.36,9.18,12.74
2019-02,3.37,4.01,3.31,4.48,3.28,3.87,3.42,3.5,4.72,4.29,2.0,4.27,2.94,4.58,4.03,3.02,3.92,2.87
2019-03,0.5,0.01,2.85,1.32,-0.92,0.34,1.79,3.02,0.34,2.11,-0.53,-1.22,-1.6,1.79,0.6,2.57,3.1,2.91
2019-04,2.09,4.43,4.9,0.83,4.42,4.81,3.2,5.91,0.44,1.13,3.71,4.96,7.18,3.17,3.14,3.25,6.68,4.77
2019-05,-5.13,-6.43,-7.64,-5.62,-6.22,-6.23,-6.87,-7.68,-5.66,-5.59,-4.53,-7.48,-7.12,-5.59,-5.77,-7.57,-7.14,-8.51
2019-06,7.02,6.85,7.57,6.85,7.31,6.5,7.53,7.42,7.06,6.69,7.22,7.38,6.64,6.4,7.05,7.84,6.95,8.14
2019-07,1.66,1.0,1.83,0.61,1.35,1.69,1.34,1.89,0.55,0.66,2.81,-0.61,1.07,2.13,1.06,1.66,2.83,0.21
2019-08,-2.53,-2.1,-2.64,-3.32,-2.13,-2.49,-1.78,-2.5,-3.9,-2.8,-1.69,-2.74,-2.63,-2.39,-0.69,-2.99,-1.44,-4.48
2019-09,3.11,2.48,-0.58,1.87,3.32,3.06,0.92,-0.73,2.28,1.49,4.4,1.8,1.94,3.86,1.9,-0.19,-0.11,-1.92
2019-10,2.12,2.12,2.59,2.03,1.71,2.69,2.81,2.09,2.04,2.02,2.2,1.02,2.03,3.16,1.92,3.84,1.96,2.32
2019-11,3.79,3.45,4.83,3.49,3.68,3.71,4.19,4.64,3.96,3.05,4.1,3.08,3.55,3.82,3.23,5.29,3.48,6.89
2019-12,4.13,2.69,2.09,3.12,4.09,2.71,2.78,1.79,3.23,3.02,5.14,2.55,1.93,3.25,2.78,2.78,2.08,1.26
2020-01,-0.85,-0.56,1.5,-2.31,-0.78,-1.21,0.63,2.9,-2.26,-2.35,0.58,-2.85,-0.86,-1.44,2.78,-1.78,4.29,0.3
2020-02,-9.01,-8.7,-6.54,-8.3,-9.6,-9.51,-6.39,-6.64,-7.54,-9.0,-9.68,-9.47,-8.54,-10.17,-6.48,-6.3,-7.42,-5.11
2020-03,-11.44,-14.45,-13.09,-11.3,-13.83,-15.61,-11.92,-12.6,-10.42,-12.11,-11.57,-17.35,-15.86,-15.44,-9.87,-14.31,-11.91,-13.91
2020-04,12.94,12.23,15.75,12.65,13.29,12.17,13.05,16.05,13.86,11.5,13.23,13.41,12.66,11.84,11.46,14.98,16.25,15.67
2020-05,4.35,4.81,7.0,4.56,3.96,5.23,6.42,6.53,5.58,3.56,4.16,3.62,6.65,4.21,4.94,8.18,4.74,10.07
2020-06,2.96,1.36,3.02,0.57,2.93,0.3,3.28,3.73,3.14,-1.97,5.26,-1.03,0.35,0.26,5.03,1.27,4.63,2.05
2020-07,7.23,3.36,7.69,7.87,4.56,3.34,5.17,7.71,2.04,10.65,5.59,3.95,3.86,2.67,2.88,7.62,6.31,8.85
2020-08,8.64,5.53,9.14,9.54,5.02,5.04,10.3,7.69,0.83,13.36,6.29,4.27,5.94,3.88,7.49,13.18,5.9,9.1
2020-09,-4.95,-2.55,-4.05,-6.24,-2.4,-1.39,-3.83,-4.23,-2.24,-7.81,-1.47,-2.96,-1.41,-1.38,-4.08,-3.58,-4.04,-4.38
2020-10,-3.01,-2.14,-1.51,-4.17,-1.43,-2.11,-2.67,-0.84,-4.09,-4.21,-0.05,-2.29,-2.16,-2.05,-2.06,-3.27,0.39,-1.79
2020-11,12.36,12.08,12.4,12.83,12.95,13.09,12.46,10.98,16.57,11.28,11.19,14.05,13.69,12.3,8.66,16.22,11.18,10.83
2020-12,5.88,3.76,4.81,7.44,3.9,3.11,5.28,4.07,6.09,8.03,1.96,5.08,3.32,2.84,3.69,6.74,4.63,3.62
2021-01,2.21,-1.22,-0.45,2.08,-0.03,-1.75,-0.29,-0.42,6.51,0.18,2.54,-1.55,-2.54,-0.69,-0.01,-0.54,0.14,-0.86
2021-02,0.16,4.7,2.7,-0.51,4.29,5.4,2.07,3.12,2.38,-1.84,1.93,5.74,5.08,5.82,2.55,1.64,5.07,1.54
2021-03,4.81,5.04,1.22,3.72,6.72,5.33,3.84,0.07,4.93,3.14,7.6,6.2,4.58,6.31,3.45,4.18,1.11,-0.8
2021-04,3.45,4.38,6.79,3.85,3.27,3.92,5.78,7.21,2.05,4.73,2.47,3.74,4.45,3.24,5.82,5.74,7.89,6.63
2021-05,0.52,1.7,-1.07,-0.14,2.56,1.96,0.22,-1.58,3.07,-1.66,2.16,2.79,1.77,2.2,0.23,0.22,0.22,-3.13
2021-06,2.84,0.96,3.93,4.35,-1.68,0.62,3.16,4.78,2.81,5.11,-0.84,-2.17,1.3,-0.26,4.6,1.86,4.07,5.41
2021-07,0.81,1.94,1.2,1.17,0.23,2.25,2.78,0.0,-5.78,2.63,-0.02,0.43,3.14,1.0,2.22,3.06,0.2,-0.29
2021-08,1.91,2.08,4.01,2.71,0.39,2.81,3.19,3.9,2.56,2.74,0.07,0.66,3.21,2.23,1.21,4.18,4.64,2.85
2021-09,-3.63,-4.41,-4.59,-3.57,-3.18,-5.1,-4.68,-4.25,3.69,-4.97,-3.77,-2.71,-5.64,-4.31,-3.79,-5.11,-4.81,-3.43
2021-10,4.37,6.02,8.07,5.04,4.6,7.27,5.87,8.52,6.93,4.65,2.75,6.06,8.55,5.41,2.77,7.39,6.21,11.81
2021-11,1.32,-2.51,-1.63,3.61,-2.92,-2.48,-2.84,-0.9,-4.53,5.33,-4.31,-1.86,-2.49,-2.48,-3.06,-2.73,0.1,-2.26
2021-12,6.24,6.2,0.16,5.58,7.4,5.2,5.14,-2.08,0.32,6.58,8.0,6.95,5.21,5.18,8.37,3.64,-0.37,-4.46
2022-01,-0.91,-3.64,-9.76,-0.18,-1.62,-4.08,-5.95,-11.91,3.47,-0.84,-2.81,-0.71,-5.27,-2.31,-4.59,-6.61,-10.69,-13.68
2022-02,-1.63,-1.26,-3.53,-2.11,0.24,-1.69,-4.15,-2.14,5.63,-3.56,-0.35,0.67,-2.51,-0.51,-1.55,-5.45,-2.13,-2.15
2022-03,4.81,3.21,2.48,5.73,3.49,3.06,1.72,3.39,7.99,5.26,2.39,4.3,2.33,4.09,2.77,1.18,2.6,4.57
2022-04,-6.09,-6.22,-13.46,-6.69,-5.31,-6.61,-8.36,-15.89,-6.84,-6.66,-4.44,-5.93,-6.91,-6.19,-5.41,-9.9,-15.95,-15.8
2022-05,1.43,0.29,-1.57,1.54,2.11,-0.57,0.44,-2.97,9.3,-0.06,1.14,2.81,-1.12,0.2,0.62,0.34,-1.16,-5.63
2022-06,-10.08,-7.85,-7.63,-9.58,-10.74,-7.0,-7.4,-8.12,-17.22,-7.86,-11.42,-10.25,-7.0,-7.0,-8.18,-6.97,-9.38,-6.19
2022-07,5.33,8.77,15.04,4.66,5.79,10.74,10.29,15.73,4.35,4.92,5.84,5.75,8.48,11.61,8.4,13.96,17.27,13.37
2022-08,-2.07,-3.59,-4.75,-2.23,-2.54,-2.92,-5.06,-4.22,-1.83,-2.57,-1.96,-3.05,-1.39,-3.49,-4.78,-5.59,-4.09,-4.43
2022-09,-9.13,-9.13,-9.03,-8.63,-8.68,-8.84,-9.32,-9.99,-10.13,-7.36,-9.51,-7.94,-7.43,-9.37,-10.3,-7.49,-9.6,-10.62
2022-10,12.78,8.51,3.84,12.41,10.79,9.96,5.22,4.36,11.79,12.92,13.06,8.79,10.89,9.6,6.44,3.03,2.79,6.86
2022-11,5.95,5.65,2.98,6.57,5.35,4.11,5.91,3.59,7.1,6.14,5.5,5.22,7.39,2.85,7.99,2.04,3.29,4.04
2022-12,-3.54,-5.67,-8.97,-3.42,-3.18,-6.5,-7.71,-8.36,-2.87,-3.86,-3.63,-2.78,-5.88,-6.76,-6.58,-9.95,-7.87,-9.09
2023-01,3.76,6.08,11.78,3.91,4.27,5.94,8.05,12.93,7.09,1.31,3.65,4.82,6.68,5.63,7.16,9.9,12.07,14.26
2023-02,-2.95,-2.26,-1.51,-2.55,-2.67,-1.74,-1.99,-2.44,-2.89,-2.25,-3.25,-2.15,-3.57,-0.98,-3.0,0.04,-4.68,0.94
2023-03,-0.4,4.3,2.45,-0.43,1.09,3.26,4.65,3.88,-0.12,-0.7,-0.37,2.38,-0.65,4.83,6.98,0.14,3.47,4.46
2023-04,1.21,2.43,-2.32,0.22,3.13,1.76,0.33,-1.67,0.59,-0.1,1.96,4.13,0.66,2.17,2.13,-3.41,-1.01,-2.61
2023-05,-4.0,0.35,5.09,-4.24,-3.3,-1.0,3.6,6.78,-2.74,-5.56,-3.82,-2.87,-4.52,0.3,4.23,2.21,4.06,10.71
2023-06,6.27,6.39,8.42,5.55,6.98,7.22,6.33,7.84,5.92,5.21,6.81,7.11,8.09,6.91,4.94,9.45,7.8,7.9
2023-07,3.82,3.56,3.67,4.38,3.95,2.87,2.78,5.42,4.8,4.04,3.29,4.48,3.64,1.45,4.42,1.95,4.42,6.03
2023-08,-2.48,-1.6,-2.01,-3.05,-2.23,-0.61,-2.43,-2.08,-4.24,-2.13,-1.92,-2.49,-0.36,-1.08,-3.37,-1.94,-3.63,-1.15
2023-09,-4.84,-4.81,-4.75,-5.29,-4.39,-5.75,-3.72,-5.18,-6.27,-4.54,-4.4,-4.37,-6.26,-4.78,-2.52,-4.33,-2.74,-6.61
2023-10,-3.5,-2.65,-2.23,-4.14,-2.89,-2.43,-0.09,-5.86,-5.07,-3.44,-2.89,-2.89,-2.58,-2.13,-3.01,1.42,-1.16,-8.72
2023-11,7.34,8.57,11.38,8.62,7.67,8.55,9.29,13.03,12.6,5.68,6.16,8.89,9.1,7.51,8.23,9.81,9.64,15.27
2023-12,6.97,4.5,5.31,6.14,6.08,4.09,4.14,7.17,5.75,6.45,7.76,4.75,3.74,4.73,5.43,3.51,6.23,7.75
2024-01,0.64,0.37,2.65,-0.42,1.49,0.11,2.25,1.84,-0.28,-0.52,1.63,1.37,-0.92,2.04,-0.15,3.46,0.27,2.81
2024-02,4.15,3.01,9.22,4.0,3.92,2.92,6.37,10.2,5.21,3.05,4.3,3.61,2.08,4.45,2.51,8.24,4.5,13.64
2024-03,4.43,2.97,3.05,4.79,4.11,1.91,3.26,3.46,5.45,4.27,4.11,4.12,1.32,2.96,4.64,2.64,2.78,3.83
2024-04,-5.19,-2.71,-5.44,-5.92,-4.34,-1.41,-5.24,-5.32,-7.98,-4.28,-4.52,-4.19,0.08,-4.04,-4.53,-5.57,-5.62,-5.15
2024-05,3.24,3.81,6.72,2.87,2.73,5.0,4.63,7.83,3.42,2.44,3.58,2.02,6.89,1.53,2.57,5.59,3.52,10.18
2024-06,2.5,1.73,5.29,0.97,1.66,3.26,3.3,5.59,3.75,-1.2,3.91,-0.22,5.32,-0.74,-0.39,4.98,2.83,7.02
2024-07,0.87,4.14,-0.07,-0.48,3.12,4.56,2.27,-0.2,5.26,-2.68,3.23,3.07,5.48,3.7,5.4,0.26,-0.41,0.15
2024-08,2.28,2.39,1.76,2.08,2.82,1.45,1.49,2.29,3.04,1.68,2.63,2.9,0.61,2.25,3.04,0.44,0.93,4.59
2024-09,1.9,1.71,2.59,2.13,2.54,0.84,0.99,3.18,1.34,2.46,1.51,2.99,-0.08,1.69,0.82,1.1,2.01,5.08
2024-10,2.24,-1.16,-1.33,3.79,-1.61,-0.05,-0.25,-2.01,-1.35,5.92,-0.39,-2.13,-0.11,0.01,-1.24,0.42,-2.71,-0.9
2024-11,5.52,6.54,7.71,5.84,5.17,7.22,6.1,8.79,4.6,6.32,4.95,5.26,6.86,7.55,7.73,5.01,7.36,10.99
2024-12,-5.18,-2.52,-2.05,-4.71,0.84,-6.68,-3.65,-2.29,-6.94,-3.87,-6.0,3.77,-6.72,-6.64,-6.86,-1.44,-2.53,-1.93
2025-01,-0.66,2.44,5.31,-3.15,0.36,3.83,6.43,5.03,6.89,-6.8,3.86,-1.0,4.73,3.03,7.01,6.06,3.93,6.66
2025-02,1.68,-0.28,-4.98,1.31,0.36,-1.0,-2.76,-4.83,0.26,1.75,2.3,-0.43,-0.36,-1.57,1.15,-5.34,-4.27,-5.65
2025-03,-7.13,-4.82,-6.65,-9.19,-6.37,-2.88,-4.48,-7.09,-3.4,-11.56,-3.66,-7.5,-2.6,-3.13,-3.0,-5.51,-5.64,-9.23
2025-04,-1.92,-1.76,1.11,-0.37,-0.66,-4.63,-0.7,1.48,-0.43,-0.35,-4.37,0.94,-6.66,-2.73,-1.9,0.17,-0.29,4.19
2025-05,10.61,3.67,7.1,15.43,3.12,3.47,4.93,7.84,7.05,19.15,2.57,3.34,3.04,3.86,4.54,5.21,7.77,7.95
2025-06,7.75,4.24,4.96,9.92,4.7,3.31,3.11,5.92,2.66,12.81,3.65,5.12,4.6,2.17,4.08,2.44,5.51,6.51
2025-07,0.85,0.78,3.67,0.24,1.2,0.15,-0.07,5.0,0.87,-0.13,1.83,0.75,-0.29,0.42,3.09,-2.2,3.23,6.03
2025-08,3.16,3.96,0.89,2.52,4.52,4.64,3.83,-0.15,1.29,3.26,4.19,4.76,2.76,5.8,0.93,5.91,2.93,-1.89
2025-09,1.27,3.28,4.53,2.54,-0.47,3.68,4.04,4.78,7.06,-0.12,-0.73,-0.28,2.22,4.55,4.99,3.38,6.23,3.92
2025-10,-0.91,1.62,3.42,-0.38,-0.14,2.92,-2.07,4.54,0.47,-0.91,-1.78,1.02,2.77,3.01,-2.52,-1.77,6.11,3.59
2025-11,1.86,1.24,-0.8,1.72,1.4,1.95,1.42,-1.61,-2.26,4.26,2.09,0.92,0.39,2.86,-1.18,3.2,1.7,-3.68
2025-12,0.78,0.25,-0.3,0.03,1.93,0.3,-0.82,-0.27,0.57,-0.29,2.02,1.87,1.43,-0.34,-1.38,-0.45,-0.09,-0.38
