Date,Mom
1965-01,-1.39
1965-02,0.24
1965-03,0.17
1965-04,2.53
1965-05,0.56
1965-06,-3.18
1965-07,4.09
1965-08,2.57
1965-09,3.28
1965-10,3.44
1965-11,4.41
1965-12,-0.1
1966-01,5.25
1966-02,4.59
1966-03,1.46
1966-04,5.93
1966-05,-4.73
1966-06,3.24
1966-07,-1.3
1966-08,-2.21
1966-09,-1.87
1966-10,-5.2
1966-11,5.76
1966-12,0.99
1967-01,-6.94
1967-02,3.51
1967-03,1.39
1967-04,0.52
1967-05,0.65
1967-06,6.01
1967-07,-1.08
1967-08,-1.33
1967-09,2.39
1967-10,3.64
1967-11,1.22
1967-12,3.21
1968-01,-4.49
1968-02,-3.36
1968-03,3.19
1968-04,5.13
1968-05,3.77
1968-06,-2.1
1968-07,-0.88
1968-08,1.93
1968-09,-0.68
1968-10,-1.44
1968-11,1.79
1968-12,0.32
1969-01,-0.13
1969-02,-2.5
1969-03,4.06
1969-04,1.1
1969-05,1.77
1969-06,-2.3
1969-07,1.81
1969-08,2.1
1969-09,2.41
1969-10,-4.36
1969-11,3.68
1969-12,5.27
1970-01,0.56
1970-02,0.27
1970-03,-0.37
1970-04,-0.83
1970-05,-2.66
1970-06,5.63
1970-07,-3.11
1970-08,-6.73
1970-09,-8.64
1970-10,9.46
1970-11,2.6
1970-12,-2.29
1971-01,-6.85
1971-02,0.83
1971-03,-1.36
1971-04,1.34
1971-05,0.93
1971-06,2.69
1971-07,-2.32
1971-08,3.45
1971-09,2.1
1971-10,0.5
1971-11,1.51
1971-12,-0.61
1972-01,0.07
1972-02,2.53
1972-03,2.94
1972-04,2.79
1972-05,3.33
1972-06,1.9
1972-07,2.68
1972-08,-5.36
1972-09,1.82
1972-10,0.7
1972-11,-5.08
1972-12,4.95
1973-01,3.82
1973-02,2.18
1973-03,3.55
1973-04,6.35
1973-05,7.18
1973-06,4.31
1973-07,-11.66
1973-08,3.59
1973-09,-6.98
1973-10,6.78
1973-11,8.78
1973-12,10.16
1974-01,-8.91
1974-02,0.37
1974-03,-1.0
1974-04,2.06
1974-05,-0.29
1974-06,2.32
1974-07,3.0
1974-08,3.03
1974-09,4.24
1974-10,-0.52
1974-11,2.2
1974-12,2.98
1975-01,-13.79
1975-02,-0.58
1975-03,-2.07
1975-04,1.52
1975-05,-0.58
1975-06,-0.05
1975-07,0.35
1975-08,-0.16
1975-09,0.4
1975-10,-0.22
1975-11,-0.5
1975-12,-0.1
1976-01,4.39
1976-02,0.38
1976-03,0.23
1976-04,0.53
1976-05,-1.06
1976-06,-0.44
1976-07,-0.15
1976-08,-0.78
1976-09,0.2
1976-10,-0.42
1976-11,2.81
1976-12,0.75
1977-01,4.05
1977-02,0.35
1977-03,0.68
1977-04,4.19
1977-05,2.01
1977-06,1.6
1977-07,0.4
1977-08,-1.63
1977-09,2.09
1977-10,-0.11
1977-11,2.14
1977-12,1.6
1978-01,-0.57
1978-02,1.96
1978-03,1.45
1978-04,0.49
1978-05,2.76
1978-06,2.79
1978-07,4.19
1978-08,3.0
1978-09,-3.19
1978-10,-8.47
1978-11,5.45
1978-12,3.02
1979-01,-1.42
1979-02,-0.99
1979-03,2.91
1979-04,0.88
1979-05,-0.58
1979-06,0.76
1979-07,-1.07
1979-08,-0.29
1979-09,5.28
1979-10,2.06
1979-11,8.06
1979-12,4.73
1980-01,7.46
1980-02,7.91
1980-03,-9.59
1980-04,-0.5
1980-05,-1.18
1980-06,1.58
1980-07,0.32
1980-08,3.08
1980-09,5.44
1980-10,7.14
1980-11,15.19
1980-12,-6.69
1981-01,-7.9
1981-02,-1.38
1981-03,0.83
1981-04,-1.08
1981-05,3.55
1981-06,-5.69
1981-07,-2.45
1981-08,-1.09
1981-09,2.13
1981-10,3.93
1981-11,-0.2
1981-12,1.27
1982-01,1.76
1982-02,4.87
1982-03,2.91
1982-04,-0.46
1982-05,2.51
1982-06,4.88
1982-07,4.4
1982-08,-3.56
1982-09,4.14
1982-10,0.0
1982-11,5.91
1982-12,0.0
1983-01,-1.64
1983-02,3.71
1983-03,0.88
1983-04,1.64
1983-05,-1.56
1983-06,1.86
1983-07,-3.08
1983-08,-5.36
1983-09,-0.01
1983-10,-4.48
1983-11,-0.13
1983-12,0.82
1984-01,-2.57
1984-02,0.45
1984-03,1.12
1984-04,2.14
1984-05,1.52
1984-06,-0.55
1984-07,2.78
1984-08,-5.6
1984-09,3.64
1984-10,3.29
1984-11,1.57
1984-12,1.4
1985-01,-6.77
1985-02,1.86
1985-03,1.79
1985-04,2.95
1985-05,4.06
1985-06,3.39
1985-07,-3.85
1985-08,1.78
1985-09,1.59
1985-10,4.86
1985-11,-0.58
1985-12,-0.23
1986-01,2.96
1986-02,2.59
1986-03,2.4
1986-04,-0.34
1986-05,2.09
1986-06,4.95
1986-07,1.9
1986-08,-5.16
1986-09,-5.69
1986-10,4.46
1986-11,-0.25
1986-12,0.46
1987-01,2.06
1987-02,-2.23
1987-03,1.66
1987-04,0.21
1987-05,-0.8
1987-06,-0.22
1987-07,2.58
1987-08,-0.95
1987-09,0.8
1987-10,-7.72
1987-11,-1.23
1987-12,5.87
1988-01,-7.36
1988-02,-1.47
1988-03,0.56
1988-04,2.21
1988-05,0.66
1988-06,-3.02
1988-07,0.65
1988-08,0.36
1988-09,0.29
1988-10,1.31
1988-11,0.2
1988-12,0.32
1989-01,-0.2
1989-02,1.01
1989-03,3.5
1989-04,1.8
1989-05,1.46
1989-06,0.44
1989-07,5.32
1989-08,-0.47
1989-09,3.49
1989-10,1.36
1989-11,2.68
1989-12,2.77
1990-01,-3.0
1990-02,-0.51
1990-03,1.73
1990-04,2.31
1990-05,3.12
1990-06,2.51
1990-07,6.04
1990-08,1.96
1990-09,5.76
1990-10,6.71
1990-11,-5.46
1990-12,0.24
1991-01,-6.45
1991-02,-4.9
1991-03,2.74
1991-04,-2.33
1991-05,-0.1
1991-06,0.42
1991-07,4.26
1991-08,1.58
1991-09,1.74
1991-10,3.18
1991-11,1.18
1991-12,8.27
1992-01,-2.49
1992-02,-0.69
1992-03,-0.24
1992-04,-2.51
1992-05,0.07
1992-06,-0.57
1992-07,1.53
1992-08,-0.49
1992-09,1.41
1992-10,2.59
1992-11,-0.23
1992-12,4.46
1993-01,4.84
1993-02,3.12
1993-03,3.72
1993-04,0.36
1993-05,0.2
1993-06,4.55
1993-07,3.23
1993-08,2.59
1993-09,3.44
1993-10,-2.69
1993-11,-4.8
1993-12,2.36
1994-01,0.1
1994-02,-0.38
1994-03,-1.31
1994-04,0.34
1994-05,-2.07
1994-06,-0.88
1994-07,0.12
1994-08,1.54
1994-09,1.31
1994-10,1.43
1994-11,-0.15
1994-12,3.46
1995-01,-1.81
1995-02,-0.43
1995-03,0.43
1995-04,1.79
1995-05,-0.54
1995-06,3.02
1995-07,2.54
1995-08,0.14
1995-09,2.87
1995-10,4.18
1995-11,-0.72
1995-12,2.5
1996-01,0.55
1996-02,0.57
1996-03,-1.85
1996-04,-0.96
1996-05,1.6
1996-06,1.0
1996-07,-0.15
1996-08,-0.01
1996-09,2.66
1996-10,3.79
1996-11,-2.34
1996-12,0.58
1997-01,1.92
1997-02,-2.08
1997-03,0.9
1997-04,4.84
1997-05,-5.2
1997-06,2.6
1997-07,3.69
1997-08,-2.64
1997-09,1.48
1997-10,-0.54
1997-11,0.42
1997-12,3.93
1998-01,0.08
1998-02,-1.19
1998-03,2.14
1998-04,0.68
1998-05,1.97
1998-06,8.05
1998-07,3.79
1998-08,1.87
1998-09,-0.69
1998-10,-5.34
1998-11,1.14
1998-12,8.88
1999-01,2.85
1999-02,-0.08
1999-03,-1.21
1999-04,-8.92
1999-05,-5.28
1999-06,4.66
1999-07,1.7
1999-08,2.93
1999-09,6.4
1999-10,5.41
1999-11,5.5
1999-12,13.15
2000-01,1.84
2000-02,18.05
2000-03,-6.86
2000-04,-8.59
2000-05,-8.93
2000-06,16.64
2000-07,-0.18
2000-08,5.61
2000-09,1.89
2000-10,-4.51
2000-11,-2.18
2000-12,6.62
2001-01,-25.36
2001-02,12.68
2001-03,8.58
2001-04,-7.96
2001-05,2.43
2001-06,0.61
2001-07,5.47
2001-08,5.49
2001-09,11.4
2001-10,-8.4
2001-11,-8.62
2001-12,0.05
2002-01,3.66
2002-02,6.88
2002-03,-1.66
2002-04,7.69
2002-05,3.12
2002-06,6.22
2002-07,3.65
2002-08,1.84
2002-09,9.0
2002-10,-5.47
2002-11,-16.45
2002-12,9.71
2003-01,1.53
2003-02,1.21
2003-03,1.42
2003-04,-9.32
2003-05,-10.72
2003-06,-1.24
2003-07,-0.28
2003-08,-0.58
2003-09,-0.07
2003-10,4.0
2003-11,1.37
2003-12,-5.53
2004-01,2.56
2004-02,-1.18
2004-03,0.2
2004-04,-5.37
2004-05,1.49
2004-06,2.06
2004-07,-2.24
2004-08,-1.56
2004-09,5.5
2004-10,-1.49
2004-11,3.11
2004-12,-2.85
2005-01,3.12
2005-02,3.43
2005-03,0.43
2005-04,-0.7
2005-05,0.37
2005-06,2.08
2005-07,0.05
2005-08,2.05
2005-09,3.46
2005-10,-1.27
2005-11,0.29
2005-12,0.8
2006-01,2.53
2006-02,-1.82
2006-03,1.27
2006-04,0.61
2006-05,-3.67
2006-06,1.55
2006-07,-2.05
2006-08,-3.37
2006-09,-0.98
2006-10,-0.24
2006-11,-1.01
2006-12,0.79
2007-01,0.25
2007-02,-1.31
2007-03,2.59
2007-04,-0.21
2007-05,-0.34
2007-06,0.47
2007-07,2.94
2007-08,-0.02
2007-09,4.44
2007-10,4.98
2007-11,1.09
2007-12,6.57
2008-01,-7.78
2008-02,6.13
2008-03,4.25
2008-04,-0.31
2008-05,3.38
2008-06,12.73
2008-07,-5.02
2008-08,-4.5
2008-09,0.78
2008-10,7.84
2008-11,7.26
2008-12,-5.08
2009-01,-2.16
2009-02,4.34
2009-03,-11.8
2009-04,-34.36
2009-05,-12.54
2009-06,5.4
2009-07,-5.61
2009-08,-9.11
2009-09,-4.83
2009-10,2.58
2009-11,0.39
2009-12,2.97
2010-01,-5.31
2010-02,3.7
2010-03,3.58
2010-04,3.19
2010-05,-0.18
2010-06,-2.7
2010-07,1.77
2010-08,-0.06
2010-09,1.35
2010-10,1.5
2010-11,2.71
2010-12,-3.0
2011-01,-0.3
2011-02,1.89
2011-03,3.42
2011-04,0.06
2011-05,-0.58
2011-06,1.82
2011-07,0.17
2011-08,-0.26
2011-09,-2.36
2011-10,-1.45
2011-11,3.85
2011-12,1.83
2012-01,-8.01
2012-02,-0.26
2012-03,1.32
2012-04,3.78
2012-05,6.45
2012-06,-1.11
2012-07,3.0
2012-08,-2.34
2012-09,-1.14
2012-10,0.07
2012-11,0.53
2012-12,-2.93
2013-01,-1.77
2013-02,1.24
2013-03,1.91
2013-04,0.19
2013-05,-2.01
2013-06,0.58
2013-07,1.75
2013-08,0.05
2013-09,3.04
2013-10,0.07
2013-11,0.36
2013-12,0.02
2014-01,1.64
2014-02,2.16
2014-03,-3.27
2014-04,-3.89
2014-05,0.88
2014-06,0.65
2014-07,-0.2
2014-08,0.84
2014-09,0.64
2014-10,-0.27
2014-11,0.69
2014-12,1.05
2015-01,3.72
2015-02,-2.87
2015-03,2.72
2015-04,-7.26
2015-05,5.76
2015-06,3.01
2015-07,10.04
2015-08,-2.15
2015-09,5.26
2015-10,-3.29
2015-11,2.3
2015-12,3.33
2016-01,1.48
2016-02,-4.36
2016-03,-5.04
2016-04,-5.99
2016-05,1.39
2016-06,4.14
2016-07,-3.38
2016-08,-3.46
2016-09,0.23
2016-10,0.62
2016-11,-4.74
2016-12,-0.26
2017-01,-0.92
2017-02,-1.53
2017-03,-0.96
2017-04,0.51
2017-05,1.49
2017-06,-0.11
2017-07,1.64
2017-08,3.36
2017-09,-1.34
2017-10,4.24
2017-11,-0.91
2017-12,-1.57
2018-01,4.06
2018-02,3.6
2018-03,-1.21
2018-04,0.45
2018-05,3.91
2018-06,-2.29
2018-07,-1.43
2018-08,5.33
2018-09,-0.1
2018-10,-2.0
2018-11,-1.42
2018-12,1.75
2019-01,-8.64
2019-02,0.76
2019-03,2.27
2019-04,-2.91
2019-05,7.56
2019-06,-2.26
2019-07,2.93
2019-08,7.47
2019-09,-6.74
2019-10,0.13
2019-11,-2.61
2019-12,-2.24
2020-01,6.02
2020-02,-0.25
2020-03,8.2
2020-04,-5.61
2020-05,0.15
2020-06,-0.87
2020-07,7.7
2020-08,0.43
2020-09,3.18
2020-10,-3.1
2020-11,-12.6
2020-12,-2.26
2021-01,4.34
2021-02,-7.99
2021-03,-6.1
2021-04,1.22
2021-05,0.56
2021-06,2.07
2021-07,-2.18
2021-08,2.63
2021-09,1.43
2021-10,3.31
2021-11,0.96
2021-12,-2.4
2022-01,-2.43
2022-02,1.62
2022-03,2.92
2022-04,4.98
2022-05,2.52
2022-06,1.06
2022-07,-4.41
2022-08,1.89
2022-09,3.71
2022-10,3.94
2022-11,-1.71
2022-12,4.94
2023-01,-16.21
2023-02,0.52
2023-03,-2.38
2023-04,1.75
2023-05,-0.88
2023-06,-2.71
2023-07,-3.99
2023-08,3.9
2023-09,0.25
2023-10,1.69
2023-11,2.59
2023-12,-5.5
2024-01,5.46
2024-02,5.01
2024-03,-0.32
2024-04,-0.43
2024-05,1.45
2024-06,0.86
2024-07,-2.36
2024-08,4.86
2024-09,-0.6
2024-10,2.98
2024-11,0.81
2024-12,-0.3
2025-01,1.01
2025-02,-0.86
2025-03,-2.64
2025-04,5.01
2025-05,2.25
2025-06,-2.65
2025-07,-0.94
2025-08,-3.61
2025-09,4.62
2025-10,0.16
2025-11,-1.72
2025-12,-2.4
