DATE,GDPC1,CPIAUCSL,BAA,AAA,USREC
1947-01-01,2182.681,21.48,3.13,2.57,0
1947-02-01,,21.62,3.12,2.55,0
1947-03-01,,22.0,3.15,2.55,0
1947-04-01,2176.892,22.0,3.16,2.53,0
1947-05-01,,21.95,3.17,2.53,0
1947-06-01,,22.08,3.21,2.55,0
1947-07-01,2172.432,22.23,3.18,2.55,0
1947-08-01,,22.4,3.17,2.56,0
1947-09-01,,22.84,3.23,2.61,0
1947-10-01,2206.452,22.91,3.35,2.7,0
1947-11-01,,23.06,3.44,2.77,0
1947-12-01,,23.41,3.52,2.86,0
1948-01-01,2239.682,23.68,3.52,2.86,0
1948-02-01,,23.67,3.53,2.85,0
1948-03-01,,23.5,3.53,2.83,0
1948-04-01,2276.69,23.82,3.47,2.78,0
1948-05-01,,24.01,3.38,2.76,0
1948-06-01,,24.15,3.34,2.76,0
1948-07-01,2289.77,24.4,3.37,2.81,0
1948-08-01,,24.43,3.44,2.84,0
1948-09-01,,24.36,3.45,2.84,0
1948-10-01,2292.364,24.31,3.5,2.84,0
1948-11-01,,24.16,3.53,2.84,0
1948-12-01,,24.05,3.53,2.79,1
1949-01-01,2260.807,24.01,3.46,2.71,1
1949-02-01,,23.91,3.45,2.71,1
1949-03-01,,23.91,3.47,2.7,1
1949-04-01,2253.128,23.92,3.45,2.7,1
1949-05-01,,23.91,3.45,2.71,1
1949-06-01,,23.92,3.47,2.71,1
1949-07-01,2276.424,23.7,3.46,2.67,1
1949-08-01,,23.7,3.4,2.62,1
1949-09-01,,23.75,3.37,2.6,1
1949-10-01,2257.352,23.67,3.36,2.61,1
1949-11-01,,23.7,3.35,2.6,0
1949-12-01,,23.61,3.31,2.58,0
1950-01-01,2346.104,23.51,3.24,2.57,0
1950-02-01,,23.61,3.24,2.58,0
1950-03-01,,23.64,3.24,2.58,0
1950-04-01,2417.682,23.65,3.23,2.6,0
1950-05-01,,23.77,3.25,2.61,0
1950-06-01,,23.88,3.28,2.62,0
1950-07-01,2511.127,24.07,3.32,2.65,0
1950-08-01,,24.2,3.23,2.61,0
1950-09-01,,24.34,3.21,2.64,0
1950-10-01,2559.214,24.5,3.22,2.67,0
1950-11-01,,24.6,3.22,2.67,0
1950-12-01,,24.98,3.2,2.67,0
1951-01-01,2593.967,25.38,3.17,2.66,0
1951-02-01,,25.83,3.16,2.66,0
1951-03-01,,25.88,3.23,2.78,0
1951-04-01,2638.898,25.92,3.35,2.87,0
1951-05-01,,25.99,3.4,2.89,0
1951-06-01,,25.93,3.49,2.94,0
1951-07-01,2693.259,25.91,3.53,2.94,0
1951-08-01,,25.86,3.5,2.88,0
1951-09-01,,26.03,3.46,2.84,0
1951-10-01,2699.156,26.16,3.5,2.89,0
1951-11-01,,26.32,3.56,2.96,0
1951-12-01,,26.47,3.61,3.01,0
1952-01-01,2727.954,26.45,3.59,2.98,0
1952-02-01,,26.41,3.53,2.93,0
1952-03-01,,26.39,3.51,2.96,0
1952-04-01,2733.8,26.46,3.5,2.93,0
1952-05-01,,26.47,3.49,2.93,0
1952-06-01,,26.53,3.5,2.94,0
1952-07-01,2753.517,26.68,3.5,2.95,0
1952-08-01,,26.69,3.51,2.94,0
1952-09-01,,26.63,3.52,2.95,0
1952-10-01,2843.941,26.69,3.54,3.01,0
1952-11-01,,26.69,3.53,2.98,0
1952-12-01,,26.71,3.51,2.97,0
1953-01-01,2896.811,26.64,3.51,3.02,0
1953-02-01,,26.59,3.53,3.07,0
1953-03-01,,26.63,3.57,3.12,0
1953-04-01,2919.206,26.69,3.65,3.23,0
1953-05-01,,26.7,3.78,3.34,0
1953-06-01,,26.77,3.86,3.4,0
1953-07-01,2902.785,26.79,3.86,3.28,0
1953-08-01,,26.85,3.85,3.24,1
1953-09-01,,26.89,3.88,3.29,1
1953-10-01,2858.845,26.95,3.82,3.16,1
1953-11-01,,26.85,3.75,3.11,1
1953-12-01,,26.87,3.74,3.13,1
1954-01-01,2845.192,26.94,3.71,3.06,1
1954-02-01,,26.99,3.61,2.95,1
1954-03-01,,26.93,3.51,2.86,1
1954-04-01,2848.305,26.86,3.47,2.85,1
1954-05-01,,26.93,3.47,2.88,1
1954-06-01,,26.94,3.49,2.9,0
1954-07-01,2880.482,26.86,3.5,2.89,0
1954-08-01,,26.85,3.49,2.87,0
1954-09-01,,26.81,3.47,2.89,0
1954-10-01,2936.852,26.72,3.46,2.87,0
1954-11-01,,26.78,3.45,2.89,0
1954-12-01,,26.77,3.45,2.9,0
1955-01-01,3020.746,26.77,3.45,2.93,0
1955-02-01,,26.82,3.47,2.93,0
1955-03-01,,26.79,3.48,3.02,0
1955-04-01,3069.91,26.79,3.49,3.01,0
1955-05-01,,26.77,3.5,3.04,0
1955-06-01,,26.71,3.51,3.05,0
1955-07-01,3111.379,26.76,3.52,3.06,0
1955-08-01,,26.72,3.56,3.11,0
1955-09-01,,26.85,3.59,3.13,0
1955-10-01,3130.068,26.82,3.59,3.1,0
1955-11-01,,26.88,3.58,3.1,0
1955-12-01,,26.87,3.62,3.15,0
1956-01-01,3117.922,26.83,3.6,3.11,0
1956-02-01,,26.86,3.58,3.08,0
1956-03-01,,26.89,3.6,3.1,0
1956-04-01,3143.694,26.93,3.68,3.24,0
1956-05-01,,27.03,3.73,3.28,0
1956-06-01,,27.15,3.76,3.26,0
1956-07-01,3140.874,27.29,3.8,3.28,0
1956-08-01,,27.31,3.93,3.43,0
1956-09-01,,27.35,4.07,3.56,0
1956-10-01,3192.57,27.51,4.17,3.59,0
1956-11-01,,27.51,4.24,3.69,0
1956-12-01,,27.63,4.37,3.75,0
1957-01-01,3213.011,27.67,4.49,3.77,0
1957-02-01,,27.8,4.47,3.67,0
1957-03-01,,27.86,4.43,3.66,0
1957-04-01,3205.97,27.93,4.44,3.67,0
1957-05-01,,28.0,4.52,3.74,0
1957-06-01,,28.11,4.63,3.91,0
1957-07-01,3237.386,28.19,4.73,3.99,0
1957-08-01,,28.28,4.82,4.1,0
1957-09-01,,28.32,4.93,4.12,1
1957-10-01,3203.894,28.32,4.99,4.1,1
1957-11-01,,28.41,5.09,4.08,1
1957-12-01,,28.47,5.03,3.81,1
1958-01-01,3120.724,28.64,4.83,3.6,1
1958-02-01,,28.7,4.66,3.59,1
1958-03-01,,28.87,4.68,3.63,1
1958-04-01,3141.224,28.94,4.67,3.6,1
1958-05-01,,28.94,4.62,3.57,0
1958-06-01,,28.91,4.55,3.57,0
1958-07-01,3213.884,28.89,4.53,3.67,0
1958-08-01,,28.94,4.67,3.85,0
1958-09-01,,28.91,4.87,4.09,0
1958-10-01,3289.032,28.91,4.92,4.11,0
1958-11-01,,28.95,4.87,4.09,0
1958-12-01,,28.97,4.85,4.08,0
1959-01-01,3352.129,29.01,4.87,4.12,0
1959-02-01,,29.0,4.89,4.14,0
1959-03-01,,28.97,4.85,4.13,0
1959-04-01,3427.667,28.98,4.86,4.23,0
1959-05-01,,29.04,4.96,4.37,0
1959-06-01,,29.11,5.04,4.46,0
1959-07-01,3430.057,29.15,5.08,4.47,0
1959-08-01,,29.18,5.09,4.43,0
1959-09-01,,29.25,5.18,4.52,0
1959-10-01,3439.832,29.35,5.28,4.57,0
1959-11-01,,29.35,5.26,4.56,0
1959-12-01,,29.41,5.28,4.58,0
1960-01-01,3517.181,29.37,5.34,4.61,0
1960-02-01,,29.41,5.34,4.56,0
1960-03-01,,29.41,5.25,4.49,0
1960-04-01,3498.246,29.54,5.2,4.45,0
1960-05-01,,29.57,5.28,4.46,1
1960-06-01,,29.61,5.26,4.45,1
1960-07-01,3515.385,29.55,5.22,4.41,1
1960-08-01,,29.61,5.08,4.28,1
1960-09-01,,29.61,5.01,4.25,1
1960-10-01,3470.278,29.75,5.11,4.3,1
1960-11-01,,29.78,5.08,4.31,1
1960-12-01,,29.81,5.1,4.35,1
1961-01-01,3493.703,29.84,5.1,4.32,1
1961-02-01,,29.84,5.07,4.27,1
1961-03-01,,29.84,5.02,4.22,0
1961-04-01,3553.021,29.81,5.01,4.25,0
1961-05-01,,29.84,5.01,4.27,0
1961-06-01,,29.84,5.03,4.33,0
1961-07-01,3621.252,29.92,5.09,4.41,0
1961-08-01,,29.94,5.11,4.45,0
1961-09-01,,29.98,5.12,4.45,0
1961-10-01,3692.289,29.98,5.13,4.42,0
1961-11-01,,29.98,5.11,4.39,0
1961-12-01,,30.01,5.1,4.42,0
1962-01-01,3758.147,30.04,5.08,4.42,0
1962-02-01,,30.11,5.07,4.42,0
1962-03-01,,30.17,5.04,4.39,0
1962-04-01,3792.149,30.21,5.02,4.33,0
1962-05-01,,30.24,5.0,4.28,0
1962-06-01,,30.21,5.02,4.28,0
1962-07-01,3838.776,30.22,5.05,4.34,0
1962-08-01,,30.28,5.06,4.35,0
1962-09-01,,30.42,5.03,4.32,0
1962-10-01,3851.421,30.38,4.99,4.28,0
1962-11-01,,30.38,4.96,4.25,0
1962-12-01,,30.38,4.92,4.24,0
1963-01-01,3893.482,30.44,4.91,4.21,0
1963-02-01,,30.48,4.89,4.19,0
1963-03-01,,30.51,4.88,4.19,0
1963-04-01,3937.183,30.48,4.87,4.21,0
1963-05-01,,30.51,4.85,4.22,0
1963-06-01,,30.61,4.84,4.23,0
1963-07-01,4023.755,30.69,4.84,4.26,0
1963-08-01,,30.75,4.83,4.29,0
1963-09-01,,30.72,4.84,4.31,0
1963-10-01,4050.147,30.75,4.83,4.32,0
1963-11-01,,30.78,4.84,4.33,0
1963-12-01,,30.88,4.85,4.35,0
1964-01-01,4135.553,30.94,4.83,4.39,0
1964-02-01,,30.91,4.83,4.36,0
1964-03-01,,30.94,4.83,4.38,0
1964-04-01,4180.592,30.95,4.85,4.4,0
1964-05-01,,30.98,4.85,4.41,0
1964-06-01,,31.01,4.85,4.41,0
1964-07-01,4245.918,31.02,4.83,4.4,0
1964-08-01,,31.05,4.82,4.41,0
1964-09-01,,31.08,4.82,4.42,0
1964-10-01,4259.046,31.12,4.81,4.42,0
1964-11-01,,31.21,4.81,4.43,0
1964-12-01,,31.25,4.81,4.44,0
1965-01-01,4362.111,31.28,4.8,4.43,0
1965-02-01,,31.28,4.78,4.41,0
1965-03-01,,31.31,4.78,4.42,0
1965-04-01,4417.225,31.38,4.8,4.43,0
1965-05-01,,31.48,4.81,4.44,0
1965-06-01,,31.61,4.85,4.46,0
1965-07-01,4515.427,31.58,4.88,4.48,0
1965-08-01,,31.55,4.88,4.49,0
1965-09-01,,31.62,4.91,4.52,0
1965-10-01,4619.458,31.65,4.93,4.56,0
1965-11-01,,31.75,4.95,4.6,0
1965-12-01,,31.85,5.02,4.68,0
1966-01-01,4731.888,31.88,5.06,4.74,0
1966-02-01,,32.08,5.12,4.78,0
1966-03-01,,32.18,5.32,4.92,0
1966-04-01,4748.046,32.28,5.41,4.96,0
1966-05-01,,32.35,5.48,4.98,0
1966-06-01,,32.38,5.58,5.07,0
1966-07-01,4788.254,32.45,5.68,5.16,0
1966-08-01,,32.65,5.83,5.31,0
1966-09-01,,32.75,6.09,5.49,0
1966-10-01,4827.537,32.85,6.1,5.41,0
1966-11-01,,32.88,6.13,5.35,0
1966-12-01,,32.92,6.18,5.39,0
1967-01-01,4870.299,32.9,5.97,5.2,0
1967-02-01,,33.0,5.82,5.03,0
1967-03-01,,33.0,5.85,5.13,0
1967-04-01,4873.287,33.1,5.83,5.11,0
1967-05-01,,33.1,5.96,5.24,0
1967-06-01,,33.3,6.15,5.44,0
1967-07-01,4919.392,33.4,6.26,5.58,0
1967-08-01,,33.5,6.33,5.62,0
1967-09-01,,33.6,6.4,5.65,0
1967-10-01,4956.477,33.7,6.52,5.82,0
1967-11-01,,33.9,6.72,6.07,0
1967-12-01,,34.0,6.93,6.19,0
1968-01-01,5057.553,34.1,6.84,6.17,0
1968-02-01,,34.2,6.8,6.1,0
1968-03-01,,34.3,6.85,6.11,0
1968-04-01,5142.033,34.4,6.97,6.21,0
1968-05-01,,34.5,7.03,6.27,0
1968-06-01,,34.7,7.07,6.28,0
1968-07-01,5181.859,34.9,6.98,6.24,0
1968-08-01,,35.0,6.82,6.02,0
1968-09-01,,35.1,6.79,5.97,0
1968-10-01,5202.212,35.3,6.84,6.09,0
1968-11-01,,35.4,7.01,6.19,0
1968-12-01,,35.6,7.23,6.45,0
1969-01-01,5283.597,35.7,7.32,6.59,0
1969-02-01,,35.8,7.3,6.66,0
1969-03-01,,36.1,7.51,6.85,0
1969-04-01,5299.625,36.3,7.54,6.89,0
1969-05-01,,36.4,7.52,6.79,0
1969-06-01,,36.6,7.7,6.98,0
1969-07-01,5334.6,36.8,7.84,7.08,0
1969-08-01,,36.9,7.86,6.97,0
1969-09-01,,37.1,8.05,7.14,0
1969-10-01,5308.556,37.3,8.22,7.33,0
1969-11-01,,37.5,8.25,7.35,0
1969-12-01,,37.7,8.65,7.72,0
1970-01-01,5300.652,37.9,8.86,7.91,1
1970-02-01,,38.1,8.78,7.93,1
1970-03-01,,38.3,8.63,7.84,1
1970-04-01,5308.164,38.5,8.7,7.83,1
1970-05-01,,38.6,8.98,8.11,1
1970-06-01,,38.8,9.25,8.48,1
1970-07-01,5357.077,38.9,9.4,8.44,1
1970-08-01,,39.0,9.44,8.13,1
1970-09-01,,39.2,9.39,8.09,1
1970-10-01,5299.672,39.4,9.33,8.03,1
1970-11-01,,39.6,9.38,8.05,1
1970-12-01,,39.8,9.12,7.64,0
1971-01-01,5443.619,39.9,8.74,7.36,0
1971-02-01,,39.9,8.39,7.08,0
1971-03-01,,40.0,8.46,7.21,0
1971-04-01,5473.059,40.1,8.45,7.25,0
1971-05-01,,40.3,8.62,7.53,0
1971-06-01,,40.5,8.75,7.64,0
1971-07-01,5518.072,40.6,8.76,7.64,0
1971-08-01,,40.7,8.76,7.59,0
1971-09-01,,40.8,8.59,7.44,0
1971-10-01,5531.032,40.9,8.48,7.39,0
1971-11-01,,41.0,8.38,7.26,0
1971-12-01,,41.1,8.38,7.25,0
1972-01-01,5632.649,41.2,8.23,7.19,0
1972-02-01,,41.4,8.23,7.27,0
1972-03-01,,41.4,8.24,7.24,0
1972-04-01,5760.47,41.5,8.24,7.3,0
1972-05-01,,41.6,8.23,7.3,0
1972-06-01,,41.7,8.2,7.23,0
1972-07-01,5814.854,41.8,8.23,7.21,0
1972-08-01,,41.9,8.19,7.19,0
1972-09-01,,42.1,8.09,7.22,0
1972-10-01,5912.22,42.2,8.06,7.21,0
1972-11-01,,42.4,7.99,7.12,0
1972-12-01,,42.5,7.93,7.08,0
1973-01-01,6058.544,42.7,7.9,7.15,0
1973-02-01,,43.0,7.97,7.22,0
1973-03-01,,43.4,8.03,7.29,0
1973-04-01,6124.506,43.7,8.09,7.26,0
1973-05-01,,43.9,8.06,7.29,0
1973-06-01,,44.2,8.13,7.37,0
1973-07-01,6092.301,44.2,8.24,7.45,0
1973-08-01,,45.0,8.53,7.68,0
1973-09-01,,45.2,8.63,7.63,0
1973-10-01,6150.131,45.6,8.41,7.6,0
1973-11-01,,45.9,8.42,7.67,0
1973-12-01,,46.3,8.48,7.68,1
1974-01-01,6097.258,46.8,8.48,7.83,1
1974-02-01,,47.3,8.53,7.85,1
1974-03-01,,47.8,8.62,8.01,1
1974-04-01,6111.751,48.1,8.87,8.25,1
1974-05-01,,48.6,9.05,8.37,1
1974-06-01,,49.0,9.27,8.47,1
1974-07-01,6053.978,49.3,9.48,8.72,1
1974-08-01,,49.9,9.77,9.0,1
1974-09-01,,50.6,10.18,9.24,1
1974-10-01,6030.464,51.0,10.48,9.27,1
1974-11-01,,51.5,10.6,8.89,1
1974-12-01,,51.9,10.63,8.89,1
1975-01-01,5957.035,52.3,10.81,8.83,1
1975-02-01,,52.6,10.65,8.62,1
1975-03-01,,52.8,10.48,8.67,1
1975-04-01,5999.61,53.0,10.58,8.95,0
1975-05-01,,53.1,10.69,8.9,0
1975-06-01,,53.5,10.62,8.77,0
1975-07-01,6102.326,54.0,10.55,8.84,0
1975-08-01,,54.2,10.59,8.95,0
1975-09-01,,54.6,10.61,8.95,0
1975-10-01,6184.53,54.9,10.62,8.86,0
1975-11-01,,55.3,10.56,8.78,0
1975-12-01,,55.6,10.56,8.79,0
1976-01-01,6323.649,55.8,10.41,8.6,0
1976-02-01,,55.9,10.24,8.55,0
1976-03-01,,56.0,10.12,8.52,0
1976-04-01,6370.025,56.1,9.94,8.4,0
1976-05-01,,56.4,9.86,8.58,0
1976-06-01,,56.7,9.89,8.62,0
1976-07-01,6404.895,57.0,9.82,8.56,0
1976-08-01,,57.3,9.64,8.45,0
1976-09-01,,57.6,9.4,8.38,0
1976-10-01,6451.177,57.9,9.29,8.32,0
1976-11-01,,58.1,9.23,8.25,0
1976-12-01,,58.4,9.12,7.98,0
1977-01-01,6527.703,58.7,9.08,7.96,0
1977-02-01,,59.3,9.12,8.04,0
1977-03-01,,59.6,9.12,8.1,0
1977-04-01,6654.466,60.0,9.07,8.04,0
1977-05-01,,60.2,9.01,8.05,0
1977-06-01,,60.5,8.91,7.95,0
1977-07-01,6774.457,60.8,8.87,7.94,0
1977-08-01,,61.1,8.82,7.98,0
1977-09-01,,61.3,8.8,7.92,0
1977-10-01,6774.592,61.6,8.89,8.04,0
1977-11-01,,62.0,8.95,8.08,0
1977-12-01,,62.3,8.99,8.19,0
1978-01-01,6796.26,62.7,9.17,8.41,0
1978-02-01,,63.0,9.2,8.47,0
1978-03-01,,63.4,9.22,8.47,0
1978-04-01,7058.92,63.9,9.32,8.56,0
1978-05-01,,64.5,9.49,8.69,0
1978-06-01,,65.0,9.6,8.76,0
1978-07-01,7129.915,65.5,9.6,8.88,0
1978-08-01,,65.9,9.48,8.69,0
1978-09-01,,66.5,9.42,8.69,0
1978-10-01,7225.75,67.1,9.59,8.89,0
1978-11-01,,67.5,9.83,9.03,0
1978-12-01,,67.9,9.94,9.16,0
1979-01-01,7238.727,68.5,10.13,9.25,0
1979-02-01,,69.2,10.08,9.26,0
1979-03-01,,69.9,10.26,9.37,0
1979-04-01,7246.454,70.6,10.33,9.38,0
1979-05-01,,71.4,10.47,9.5,0
1979-06-01,,72.2,10.38,9.29,0
1979-07-01,7300.281,73.0,10.29,9.2,0
1979-08-01,,73.7,10.35,9.23,0
1979-09-01,,74.4,10.54,9.44,0
1979-10-01,7318.535,75.2,11.4,10.13,0
1979-11-01,,76.0,11.99,10.76,0
1979-12-01,,76.9,12.06,10.74,0
1980-01-01,7341.557,78.0,12.42,11.09,0
1980-02-01,,79.0,13.57,12.38,1
1980-03-01,,80.1,14.45,12.96,1
1980-04-01,7190.289,80.9,14.19,12.04,1
1980-05-01,,81.7,13.17,10.99,1
1980-06-01,,82.5,12.71,10.58,1
1980-07-01,7181.743,82.6,12.65,11.07,1
1980-08-01,,83.2,13.15,11.64,0
1980-09-01,,83.9,13.7,12.02,0
1980-10-01,7315.677,84.7,14.23,12.31,0
1980-11-01,,85.6,14.64,12.97,0
1980-12-01,,86.4,15.14,13.21,0
1981-01-01,7459.022,87.2,15.03,12.81,0
1981-02-01,,88.0,15.37,13.35,0
1981-03-01,,88.6,15.34,13.33,0
1981-04-01,7403.745,89.1,15.56,13.88,0
1981-05-01,,89.7,15.95,14.32,0
1981-06-01,,90.5,15.8,13.75,0
1981-07-01,7492.405,91.5,16.17,14.38,0
1981-08-01,,92.2,16.34,14.89,1
1981-09-01,,93.1,16.92,15.49,1
1981-10-01,7410.768,93.4,17.11,15.4,1
1981-11-01,,93.8,16.39,14.22,1
1981-12-01,,94.1,16.55,14.23,1
1982-01-01,7295.631,94.4,17.1,15.18,1
1982-02-01,,94.7,17.18,15.27,1
1982-03-01,,94.7,16.82,14.58,1
1982-04-01,7328.912,95.0,16.78,14.46,1
1982-05-01,,95.9,16.64,14.26,1
1982-06-01,,97.0,16.92,14.81,1
1982-07-01,7300.896,97.5,16.8,14.61,1
1982-08-01,,97.7,16.32,13.71,1
1982-09-01,,97.7,15.63,12.94,1
1982-10-01,7303.817,98.1,14.73,12.12,1
1982-11-01,,98.0,14.3,11.68,1
1982-12-01,,97.7,14.14,11.83,0
1983-01-01,7400.066,97.9,13.94,11.79,0
1983-02-01,,98.0,13.95,12.01,0
1983-03-01,,98.1,13.61,11.73,0
1983-04-01,7568.456,98.8,13.29,11.51,0
1983-05-01,,99.2,13.09,11.46,0
1983-06-01,,99.4,13.37,11.74,0
1983-07-01,7719.746,99.8,13.39,12.15,0
1983-08-01,,100.1,13.64,12.51,0
1983-09-01,,100.4,13.55,12.37,0
1983-10-01,7880.794,100.8,13.46,12.25,0
1983-11-01,,101.1,13.61,12.41,0
1983-12-01,,101.4,13.75,12.57,0
1984-01-01,8034.847,102.1,13.65,12.2,0
1984-02-01,,102.6,13.59,12.08,0
1984-03-01,,102.9,13.99,12.57,0
1984-04-01,8173.67,103.3,14.31,12.81,0
1984-05-01,,103.5,14.74,13.28,0
1984-06-01,,103.7,15.05,13.55,0
1984-07-01,8252.465,104.1,15.15,13.44,0
1984-08-01,,104.4,14.63,12.87,0
1984-09-01,,104.7,14.35,12.66,0
1984-10-01,8320.199,105.1,13.94,12.63,0
1984-11-01,,105.3,13.48,12.29,0
1984-12-01,,105.5,13.4,12.13,0
1985-01-01,8400.82,105.7,13.26,12.08,0
1985-02-01,,106.3,13.23,12.13,0
1985-03-01,,106.8,13.69,12.56,0
1985-04-01,8474.787,107.0,13.51,12.23,0
1985-05-01,,107.2,13.15,11.72,0
1985-06-01,,107.5,12.4,10.94,0
1985-07-01,8604.22,107.7,12.43,10.97,0
1985-08-01,,107.9,12.5,11.05,0
1985-09-01,,108.1,12.48,11.07,0
1985-10-01,8668.188,108.5,12.36,11.02,0
1985-11-01,,109.0,11.99,10.55,0
1985-12-01,,109.5,11.58,10.16,0
1986-01-01,8749.127,109.9,11.44,10.05,0
1986-02-01,,109.7,11.11,9.67,0
1986-03-01,,109.1,10.5,9.0,0
1986-04-01,8788.524,108.7,10.19,8.79,0
1986-05-01,,109.0,10.29,9.09,0
1986-06-01,,109.4,10.34,9.13,0
1986-07-01,8872.601,109.5,10.16,8.88,0
1986-08-01,,109.6,10.18,8.72,0
1986-09-01,,110.0,10.2,8.89,0
1986-10-01,8920.193,110.2,10.24,8.86,0
1986-11-01,,110.4,10.07,8.68,0
1986-12-01,,110.8,9.97,8.49,0
1987-01-01,8986.367,111.4,9.72,8.36,0
1987-02-01,,111.8,9.65,8.38,0
1987-03-01,,112.2,9.61,8.36,0
1987-04-01,9083.256,112.7,10.04,8.85,0
1987-05-01,,113.0,10.51,9.33,0
1987-06-01,,113.5,10.52,9.32,0
1987-07-01,9162.024,113.8,10.61,9.42,0
1987-08-01,,114.3,10.8,9.67,0
1987-09-01,,114.7,11.31,10.18,0
1987-10-01,9319.332,115.0,11.62,10.52,0
1987-11-01,,115.4,11.23,10.01,0
1987-12-01,,115.6,11.29,10.11,0
1988-01-01,9367.502,116.0,11.07,9.88,0
1988-02-01,,116.2,10.62,9.4,0
1988-03-01,,116.5,10.57,9.39,0
1988-04-01,9490.594,117.2,10.9,9.67,0
1988-05-01,,117.5,11.04,9.9,0
1988-06-01,,118.0,11.0,9.86,0
1988-07-01,9546.206,118.5,11.11,9.96,0
1988-08-01,,119.0,11.21,10.11,0
1988-09-01,,119.5,10.9,9.82,0
1988-10-01,9673.405,119.9,10.41,9.51,0
1988-11-01,,120.3,10.48,9.45,0
1988-12-01,,120.7,10.65,9.57,0
1989-01-01,9771.725,121.2,10.65,9.62,0
1989-02-01,,121.6,10.61,9.64,0
1989-03-01,,122.2,10.67,9.8,0
1989-04-01,9846.293,123.1,10.61,9.79,0
1989-05-01,,123.7,10.46,9.57,0
1989-06-01,,124.1,10.03,9.1,0
1989-07-01,9919.228,124.5,9.87,8.93,0
1989-08-01,,124.5,9.88,8.96,0
1989-09-01,,124.8,9.91,9.01,0
1989-10-01,9938.767,125.4,9.81,8.92,0
1989-11-01,,125.9,9.81,8.89,0
1989-12-01,,126.3,9.82,8.86,0
1990-01-01,10047.386,127.5,9.94,8.99,0
1990-02-01,,128.0,10.14,9.22,0
1990-03-01,,128.6,10.21,9.37,0
1990-04-01,10083.855,128.9,10.3,9.46,0
1990-05-01,,129.1,10.41,9.47,0
1990-06-01,,129.9,10.22,9.26,0
1990-07-01,10090.569,130.5,10.2,9.24,0
1990-08-01,,131.6,10.41,9.41,1
1990-09-01,,132.5,10.64,9.56,1
1990-10-01,9998.704,133.4,10.74,9.53,1
1990-11-01,,133.7,10.62,9.3,1
1990-12-01,,134.2,10.43,9.05,1
1991-01-01,9951.916,134.7,10.45,9.04,1
1991-02-01,,134.8,10.07,8.83,1
1991-03-01,,134.8,10.09,8.93,1
1991-04-01,10029.51,135.1,9.94,8.86,0
1991-05-01,,135.6,9.86,8.86,0
1991-06-01,,136.0,9.96,9.01,0
1991-07-01,10080.195,136.2,9.89,9.0,0
1991-08-01,,136.6,9.65,8.75,0
1991-09-01,,137.0,9.51,8.61,0
1991-10-01,10115.329,137.2,9.49,8.55,0
1991-11-01,,137.8,9.45,8.48,0
1991-12-01,,138.2,9.26,8.31,0
1992-01-01,10236.435,138.3,9.13,8.2,0
1992-02-01,,138.6,9.23,8.29,0
1992-03-01,,139.1,9.25,8.35,0
1992-04-01,10347.429,139.4,9.21,8.33,0
1992-05-01,,139.7,9.13,8.28,0
1992-06-01,,140.1,9.05,8.22,0
1992-07-01,10449.673,140.5,8.84,8.07,0
1992-08-01,,140.8,8.65,7.95,0
1992-09-01,,141.1,8.62,7.92,0
1992-10-01,10558.648,141.7,8.84,7.99,0
1992-11-01,,142.1,8.96,8.1,0
1992-12-01,,142.3,8.81,7.98,0
1993-01-01,10576.275,142.8,8.67,7.91,0
1993-02-01,,143.1,8.39,7.71,0
1993-03-01,,143.3,8.15,7.58,0
1993-04-01,10637.847,143.8,8.14,7.46,0
1993-05-01,,144.2,8.21,7.43,0
1993-06-01,,144.3,8.07,7.33,0
1993-07-01,10688.606,144.5,7.93,7.17,0
1993-08-01,,144.8,7.6,6.85,0
1993-09-01,,145.0,7.34,6.66,0
1993-10-01,10833.987,145.6,7.31,6.67,0
1993-11-01,,146.0,7.66,6.93,0
1993-12-01,,146.3,7.69,6.93,0
1994-01-01,10939.116,146.3,7.65,6.92,0
1994-02-01,,146.7,7.76,7.08,0
1994-03-01,,147.1,8.13,7.48,0
1994-04-01,11087.361,147.2,8.52,7.88,0
1994-05-01,,147.5,8.62,7.99,0
1994-06-01,,147.9,8.65,7.97,0
1994-07-01,11152.176,148.4,8.8,8.11,0
1994-08-01,,149.0,8.74,8.07,0
1994-09-01,,149.3,8.98,8.34,0
1994-10-01,11279.932,149.4,9.2,8.57,0
1994-11-01,,149.8,9.32,8.68,0
1994-12-01,,150.1,9.1,8.46,0
1995-01-01,11319.951,150.5,9.08,8.46,0
1995-02-01,,150.9,8.85,8.26,0
1995-03-01,,151.2,8.7,8.12,0
1995-04-01,11353.721,151.8,8.6,8.03,0
1995-05-01,,152.1,8.2,7.65,0
1995-06-01,,152.4,7.9,7.3,0
1995-07-01,11450.31,152.6,8.04,7.41,0
1995-08-01,,152.9,8.19,7.57,0
1995-09-01,,153.1,7.93,7.32,0
1995-10-01,11528.067,153.5,7.75,7.12,0
1995-11-01,,153.7,7.68,7.02,0
1995-12-01,,153.9,7.49,6.82,0
1996-01-01,11614.418,154.7,7.47,6.81,0
1996-02-01,,155.0,7.63,6.99,0
1996-03-01,,155.5,8.03,7.35,0
1996-04-01,11808.14,156.1,8.19,7.5,0
1996-05-01,,156.4,8.3,7.62,0
1996-06-01,,156.7,8.4,7.71,0
1996-07-01,11914.063,157.0,8.35,7.65,0
1996-08-01,,157.2,8.18,7.46,0
1996-09-01,,157.7,8.35,7.66,0
1996-10-01,12037.775,158.2,8.07,7.39,0
1996-11-01,,158.7,7.79,7.1,0
1996-12-01,,159.1,7.89,7.2,0
1997-01-01,12115.472,159.4,8.09,7.42,0
1997-02-01,,159.7,7.94,7.31,0
1997-03-01,,159.8,8.18,7.55,0
1997-04-01,12317.221,159.9,8.34,7.73,0
1997-05-01,,159.9,8.2,7.58,0
1997-06-01,,160.2,8.02,7.41,0
1997-07-01,12471.01,160.4,7.75,7.14,0
1997-08-01,,160.8,7.82,7.22,0
1997-09-01,,161.2,7.7,7.15,0
1997-10-01,12577.495,161.5,7.57,7.0,0
1997-11-01,,161.7,7.42,6.87,0
1997-12-01,,161.8,7.32,6.76,0
1998-01-01,12703.742,162.0,7.19,6.61,0
1998-02-01,,162.0,7.25,6.67,0
1998-03-01,,162.0,7.32,6.72,0
1998-04-01,12821.339,162.2,7.33,6.69,0
1998-05-01,,162.6,7.3,6.69,0
1998-06-01,,162.8,7.13,6.53,0
1998-07-01,12982.752,163.2,7.15,6.55,0
1998-08-01,,163.4,7.14,6.52,0
1998-09-01,,163.5,7.09,6.4,0
1998-10-01,13191.67,163.9,7.18,6.37,0
1998-11-01,,164.1,7.34,6.41,0
1998-12-01,,164.4,7.23,6.22,0
1999-01-01,13315.597,164.7,7.29,6.24,0
1999-02-01,,164.7,7.39,6.4,0
1999-03-01,,164.8,7.53,6.62,0
1999-04-01,13426.748,165.9,7.48,6.64,0
1999-05-01,,166.0,7.72,6.93,0
1999-06-01,,166.0,8.02,7.23,0
1999-07-01,13604.771,166.7,7.95,7.19,0
1999-08-01,,167.1,8.15,7.4,0
1999-09-01,,167.8,8.2,7.39,0
1999-10-01,13827.98,168.1,8.38,7.55,0
1999-11-01,,168.4,8.15,7.36,0
1999-12-01,,168.8,8.19,7.55,0
2000-01-01,13878.147,169.3,8.33,7.78,0
2000-02-01,,170.0,8.29,7.68,0
2000-03-01,,171.0,8.37,7.68,0
2000-04-01,14130.908,170.9,8.4,7.64,0
2000-05-01,,171.2,8.9,7.99,0
2000-06-01,,172.2,8.48,7.67,0
2000-07-01,14145.312,172.7,8.35,7.65,0
2000-08-01,,172.7,8.26,7.55,0
2000-09-01,,173.6,8.35,7.62,0
2000-10-01,14229.765,173.9,8.34,7.55,0
2000-11-01,,174.2,8.28,7.45,0
2000-12-01,,174.6,8.02,7.21,0
2001-01-01,14183.12,175.6,7.93,7.15,0
2001-02-01,,176.0,7.87,7.1,0
2001-03-01,,176.1,7.84,6.98,0
2001-04-01,14271.694,176.4,8.07,7.2,1
2001-05-01,,177.3,8.07,7.29,1
2001-06-01,,177.7,7.97,7.18,1
2001-07-01,14214.516,177.4,7.97,7.13,1
2001-08-01,,177.4,7.85,7.02,1
2001-09-01,,178.1,8.03,7.17,1
2001-10-01,14253.574,177.6,7.91,7.03,1
2001-11-01,,177.5,7.81,6.97,1
2001-12-01,,177.4,8.05,6.77,0
2002-01-01,14372.785,177.7,7.87,6.55,0
2002-02-01,,178.0,7.89,6.51,0
2002-03-01,,178.5,8.11,6.81,0
2002-04-01,14460.848,179.3,8.03,6.76,0
2002-05-01,,179.5,8.09,6.75,0
2002-06-01,,179.6,7.95,6.63,0
2002-07-01,14519.633,180.0,7.9,6.53,0
2002-08-01,,180.5,7.58,6.37,0
2002-09-01,,180.8,7.4,6.15,0
2002-10-01,14537.58,181.2,7.73,6.32,0
2002-11-01,,181.5,7.62,6.31,0
2002-12-01,,181.8,7.45,6.21,0
2003-01-01,14614.141,182.6,7.35,6.17,0
2003-02-01,,183.6,7.06,5.95,0
2003-03-01,,183.9,6.95,5.89,0
2003-04-01,14743.567,183.2,6.85,5.74,0
2003-05-01,,182.9,6.38,5.22,0
2003-06-01,,183.1,6.19,4.97,0
2003-07-01,14988.782,183.7,6.62,5.49,0
2003-08-01,,184.5,7.01,5.88,0
2003-09-01,,185.1,6.79,5.72,0
2003-10-01,15162.76,184.9,6.73,5.7,0
2003-11-01,,185.0,6.66,5.65,0
2003-12-01,,185.5,6.6,5.62,0
2004-01-01,15248.68,186.3,6.44,5.54,0
2004-02-01,,186.7,6.27,5.5,0
2004-03-01,,187.1,6.11,5.33,0
2004-04-01,15366.85,187.4,6.46,5.73,0
2004-05-01,,188.2,6.75,6.04,0
2004-06-01,,188.9,6.78,6.01,0
2004-07-01,15512.619,189.1,6.62,5.82,0
2004-08-01,,189.2,6.46,5.65,0
2004-09-01,,189.8,6.27,5.46,0
2004-10-01,15670.88,190.8,6.21,5.47,0
2004-11-01,,191.7,6.2,5.52,0
2004-12-01,,191.7,6.15,5.47,0
2005-01-01,15844.727,191.6,6.02,5.36,0
2005-02-01,,192.4,5.82,5.2,0
2005-03-01,,193.1,6.06,5.4,0
2005-04-01,15922.782,193.7,6.05,5.33,0
2005-05-01,,193.6,6.01,5.15,0
2005-06-01,,193.7,5.86,4.96,0
2005-07-01,16047.587,194.9,5.95,5.06,0
2005-08-01,,196.1,5.96,5.09,0
2005-09-01,,198.8,6.03,5.13,0
2005-10-01,16136.734,199.1,6.3,5.35,0
2005-11-01,,198.1,6.39,5.42,0
2005-12-01,,198.1,6.32,5.37,0
2006-01-01,16353.835,199.3,6.24,5.29,0
2006-02-01,,199.4,6.27,5.35,0
2006-03-01,,199.7,6.41,5.53,0
2006-04-01,16396.151,200.7,6.68,5.84,0
2006-05-01,,201.3,6.75,5.95,0
2006-06-01,,201.8,6.78,5.89,0
2006-07-01,16420.738,202.9,6.76,5.85,0
2006-08-01,,203.8,6.59,5.68,0
2006-09-01,,202.8,6.43,5.51,0
2006-10-01,16561.866,201.9,6.42,5.51,0
2006-11-01,,202.0,6.2,5.33,0
2006-12-01,,203.1,6.22,5.32,0
2007-01-01,16611.69,203.437,6.34,5.4,0
2007-02-01,,204.226,6.28,5.39,0
2007-03-01,,205.288,6.27,5.3,0
2007-04-01,16713.314,205.904,6.39,5.47,0
2007-05-01,,206.755,6.39,5.47,0
2007-06-01,,207.234,6.7,5.79,0
2007-07-01,16809.587,207.603,6.65,5.73,0
2007-08-01,,207.667,6.65,5.79,0
2007-09-01,,208.547,6.59,5.74,0
2007-10-01,16915.191,209.19,6.48,5.66,0
2007-11-01,,210.834,6.4,5.44,0
2007-12-01,,211.445,6.65,5.49,0
2008-01-01,16843.003,212.174,6.54,5.33,1
2008-02-01,,212.687,6.82,5.53,1
2008-03-01,,213.448,6.89,5.51,1
2008-04-01,16943.291,213.942,6.97,5.55,1
2008-05-01,,215.208,6.93,5.57,1
2008-06-01,,217.463,7.07,5.68,1
2008-07-01,16854.295,219.016,7.16,5.67,1
2008-08-01,,218.69,7.15,5.64,1
2008-09-01,,218.877,7.31,5.65,1
2008-10-01,16485.35,216.995,8.88,6.28,1
2008-11-01,,213.153,9.21,6.12,1
2008-12-01,,211.398,8.43,5.05,1
2009-01-01,16298.262,211.933,8.14,5.05,1
2009-02-01,,212.705,8.08,5.27,1
2009-03-01,,212.495,8.42,5.5,1
2009-04-01,16269.145,212.709,8.39,5.39,1
2009-05-01,,213.022,8.06,5.54,1
2009-06-01,,214.79,7.5,5.61,1
2009-07-01,16326.281,214.726,7.09,5.41,0
2009-08-01,,215.445,6.58,5.26,0
2009-09-01,,215.861,6.31,5.13,0
2009-10-01,16502.754,216.509,6.29,5.15,0
2009-11-01,,217.234,6.32,5.19,0
2009-12-01,,217.347,6.37,5.26,0
2010-01-01,16582.71,217.488,6.25,5.26,0
2010-02-01,,217.281,6.34,5.35,0
2010-03-01,,217.353,6.27,5.27,0
2010-04-01,16743.162,217.403,6.25,5.29,0
2010-05-01,,217.29,6.05,4.96,0
2010-06-01,,217.199,6.23,4.88,0
2010-07-01,16872.266,217.605,6.01,4.72,0
2010-08-01,,217.923,5.66,4.49,0
2010-09-01,,218.275,5.66,4.53,0
2010-10-01,16960.864,219.035,5.72,4.68,0
2010-11-01,,219.59,5.92,4.87,0
2010-12-01,,220.472,6.1,5.02,0
2011-01-01,16920.632,221.187,6.09,5.04,0
2011-02-01,,221.898,6.15,5.22,0
2011-03-01,,223.046,6.03,5.13,0
2011-04-01,17035.114,224.093,6.02,5.16,0
2011-05-01,,224.806,5.78,4.96,0
2011-06-01,,224.806,5.75,4.99,0
2011-07-01,17031.313,225.395,5.76,4.93,0
2011-08-01,,226.106,5.36,4.37,0
2011-09-01,,226.597,5.27,4.09,0
2011-10-01,17222.583,226.75,5.37,3.98,0
2011-11-01,,227.169,5.14,3.87,0
2011-12-01,,227.223,5.25,3.93,0
2012-01-01,17367.01,227.842,5.23,3.85,0
2012-02-01,,228.329,5.14,3.85,0
2012-03-01,,228.807,5.23,3.99,0
2012-04-01,17444.525,229.187,5.19,3.96,0
2012-05-01,,228.713,5.07,3.8,0
2012-06-01,,228.524,5.02,3.64,0
2012-07-01,17469.65,228.59,4.87,3.4,0
2012-08-01,,229.918,4.91,3.48,0
2012-09-01,,231.015,4.84,3.49,0
2012-10-01,17489.852,231.638,4.58,3.47,0
2012-11-01,,231.249,4.51,3.5,0
2012-12-01,,231.221,4.63,3.65,0
2013-01-01,17662.4,231.679,4.73,3.8,0
2013-02-01,,232.937,4.85,3.9,0
2013-03-01,,232.282,4.85,3.93,0
2013-04-01,17709.671,231.797,4.59,3.73,0
2013-05-01,,231.893,4.73,3.89,0
2013-06-01,,232.445,5.19,4.27,0
2013-07-01,17860.45,232.9,5.32,4.34,0
2013-08-01,,233.456,5.42,4.54,0
2013-09-01,,233.544,5.47,4.64,0
2013-10-01,18016.147,233.669,5.31,4.53,0
2013-11-01,,234.1,5.38,4.63,0
2013-12-01,,234.719,5.38,4.62,0
2014-01-01,17953.974,235.288,5.19,4.49,0
2014-02-01,,235.547,5.1,4.45,0
2014-03-01,,236.028,5.06,4.38,0
2014-04-01,18185.911,236.468,4.9,4.24,0
2014-05-01,,236.918,4.76,4.16,0
2014-06-01,,237.231,4.8,4.25,0
2014-07-01,18406.941,237.498,4.73,4.16,0
2014-08-01,,237.46,4.69,4.08,0
2014-09-01,,237.477,4.8,4.11,0
2014-10-01,18500.031,237.43,4.69,3.92,0
2014-11-01,,236.983,4.79,3.92,0
2014-12-01,,236.252,4.74,3.79,0
2015-01-01,18666.621,234.747,4.45,3.46,0
2015-02-01,,235.342,4.51,3.61,0
2015-03-01,,235.976,4.54,3.64,0
2015-04-01,18782.243,236.222,4.48,3.52,0
2015-05-01,,237.001,4.89,3.98,0
2015-06-01,,237.657,5.13,4.19,0
2015-07-01,18857.418,238.034,5.2,4.15,0
2015-08-01,,238.033,5.19,4.04,0
2015-09-01,,237.498,5.34,4.07,0
2015-10-01,18892.206,237.733,5.34,3.95,0
2015-11-01,,238.017,5.46,4.06,0
2015-12-01,,237.761,5.46,3.97,0
2016-01-01,19001.69,237.652,5.45,4.0,0
2016-02-01,,237.336,5.34,3.96,0
2016-03-01,,238.08,5.13,3.82,0
2016-04-01,19062.709,238.992,4.79,3.62,0
2016-05-01,,239.557,4.68,3.65,0
2016-06-01,,240.222,4.53,3.5,0
2016-07-01,19197.938,240.101,4.22,3.28,0
2016-08-01,,240.545,4.24,3.32,0
2016-09-01,,241.176,4.31,3.41,0
2016-10-01,19304.352,241.741,4.38,3.51,0
2016-11-01,,242.026,4.71,3.86,0
2016-12-01,,242.637,4.83,4.06,0
2017-01-01,19398.343,243.618,4.66,3.92,0
2017-02-01,,244.006,4.64,3.95,0
2017-03-01,,243.892,4.68,4.01,0
2017-04-01,19506.949,244.193,4.57,3.87,0
2017-05-01,,244.004,4.55,3.85,0
2017-06-01,,244.163,4.37,3.68,0
2017-07-01,19660.766,244.243,4.39,3.7,0
2017-08-01,,245.183,4.31,3.63,0
2017-09-01,,246.435,4.3,3.63,0
2017-10-01,19882.352,246.626,4.32,3.6,0
2017-11-01,,247.284,4.27,3.57,0
2017-12-01,,247.805,4.22,3.51,0
2018-01-01,20044.077,248.859,4.26,3.55,0
2018-02-01,,249.529,4.51,3.82,0
2018-03-01,,249.577,4.64,3.87,0
2018-04-01,20150.476,250.227,4.67,3.85,0
2018-05-01,,250.792,4.83,4.0,0
2018-06-01,,251.018,4.83,3.96,0
2018-07-01,20276.154,251.214,4.79,3.87,0
2018-08-01,,251.663,4.77,3.88,0
2018-09-01,,252.182,4.88,3.98,0
2018-10-01,20304.874,252.772,5.07,4.14,0
2018-11-01,,252.594,5.22,4.22,0
2018-12-01,,252.767,5.13,4.02,0
2019-01-01,20431.641,252.561,5.12,3.93,0
2019-02-01,,253.319,4.95,3.79,0
2019-03-01,,254.277,4.84,3.77,0
2019-04-01,20602.275,255.233,4.7,3.69,0
2019-05-01,,255.296,4.63,3.67,0
2019-06-01,,255.213,4.46,3.42,0
2019-07-01,20843.322,255.802,4.28,3.29,0
2019-08-01,,256.036,3.87,2.98,0
2019-09-01,,256.43,3.91,3.03,0
2019-10-01,20985.448,257.155,3.92,3.01,0
2019-11-01,,257.879,3.94,3.06,0
2019-12-01,,258.63,3.88,3.01,0
2020-01-01,20709.212,259.127,3.77,2.94,0
2020-02-01,,259.25,3.61,2.78,0
2020-03-01,,258.076,4.29,3.02,1
2020-04-01,19077.992,256.032,4.13,2.43,1
2020-05-01,,255.802,3.95,2.5,0
2020-06-01,,257.042,3.64,2.44,0
2020-07-01,20558.879,258.352,3.31,2.14,0
2020-08-01,,259.316,3.27,2.25,0
2020-09-01,,259.997,3.36,2.31,0
2020-10-01,20791.917,260.319,3.44,2.35,0
2020-11-01,,260.911,3.3,2.3,0
2020-12-01,,262.045,3.16,2.26,0
2021-01-01,21082.134,262.687,3.24,2.45,0
2021-02-01,,263.579,3.42,2.7,0
2021-03-01,,264.961,3.74,3.04,0
2021-04-01,21440.929,266.614,3.6,2.9,0
2021-05-01,,268.383,3.62,2.96,0
2021-06-01,,270.654,3.44,2.79,0
2021-07-01,21617.828,271.903,3.24,2.57,0
2021-08-01,,272.676,3.24,2.55,0
2021-09-01,,273.91,3.23,2.53,0
2021-10-01,21988.737,276.55,3.35,2.68,0
2021-11-01,,278.919,3.28,2.62,0
2021-12-01,,280.845,3.3,2.65,0
2022-01-01,21932.71,282.543,3.58,2.93,0
2022-02-01,,284.5,3.97,3.25,0
2022-03-01,,287.674,4.29,3.43,0
2022-04-01,21967.045,288.561,4.66,3.76,0
2022-05-01,,291.298,5.12,4.13,0
2022-06-01,,294.957,5.27,4.24,0
2022-07-01,22125.625,294.913,5.21,4.06,0
2022-08-01,,295.097,5.15,4.07,0
2022-09-01,,296.349,5.69,4.59,0
2022-10-01,22278.345,298.007,6.26,5.1,0
2022-11-01,,298.786,6.07,4.9,0
2022-12-01,,298.832,5.59,4.43,0
2023-01-01,22439.607,300.42,5.5,4.4,0
2023-02-01,,301.45,5.59,4.56,0
2023-03-01,,301.821,5.71,4.6,0
2023-04-01,22580.499,302.845,5.53,4.47,0
2023-05-01,,303.334,5.77,4.67,0
2023-06-01,,304.014,5.75,4.65,0
2023-07-01,22840.989,304.609,5.74,4.66,0
2023-08-01,,306.082,6.02,4.95,0
2023-09-01,,307.276,6.16,5.13,0
2023-10-01,23033.78,307.696,6.63,5.61,0
2023-11-01,,308.148,6.29,5.28,0
2023-12-01,,308.741,5.64,4.74,0
2024-01-01,23082.119,309.698,5.68,4.87,0
2024-02-01,,310.967,5.77,5.03,0
2024-03-01,,312.345,5.75,5.01,0
2024-04-01,23286.508,313.023,6.0,5.28,0
2024-05-01,,313.175,5.95,5.25,0
2024-06-01,,313.044,5.82,5.13,0
2024-07-01,23478.57,313.569,5.84,5.12,0
2024-08-01,,314.062,5.6,4.87,0
2024-09-01,,314.732,5.42,4.68,0
2024-10-01,23586.542,315.631,5.63,4.95,0
2024-11-01,,316.528,5.78,5.14,0
2024-12-01,,317.604,5.8,5.2,0
2025-01-01,23548.21,318.961,6.08,5.46,0
2025-02-01,,319.679,5.92,5.32,0
2025-03-01,,319.785,5.93,5.29,0
2025-04-01,23770.976,320.302,6.18,5.45,0
2025-05-01,,320.62,6.29,5.54,0
2025-06-01,,321.435,6.15,5.46,0
2025-07-01,24026.834,322.169,6.1,5.45,0
2025-08-01,,323.291,6.0,5.35,0
2025-09-01,,324.245,5.83,5.21,0
2025-10-01,24055.749,,5.74,5.13,0
2025-11-01,,325.063,5.86,5.26,0
2025-12-01,,326.031,5.9,5.31,0
2026-01-01,24180.419,326.588,5.88,5.34,0
2026-02-01,,327.46,5.81,5.3,0
2026-03-01,,330.293,6.04,5.48,0
2026-04-01,24269.613,332.407,6.03,5.42,0
2026-05-01,,333.979,6.1,5.56,0
2026-06-01,,332.568,6.0,5.52,0
