year,price,d12,e12,Rfree,tbl,lty,ltr,AAA,BAA,corpr,infl,b/m,ntis,svar
1926,13.49,0.69,1.24,0.032897573421603266,0.030699999999999998,0.0354,0.0776952394616015,0.0468,0.0568,0.07374440514907787,-0.011173184357541888,0.44147582697201027,0.050876177698947166,0.016486225174000012
1927,17.66,0.77,1.11,0.030389842455029292,0.0317,0.0316,0.08944862762249683,0.0446,0.0532,0.07443636939339981,-0.022598870056497078,0.37468858993522675,0.07647070759457693,0.009419064816999993
1928,24.35,0.85,1.38,0.03784665936678411,0.0426,0.034,0.0008272461424365662,0.0461,0.056,0.028411562078681785,-0.011560693641618491,0.2596666666666667,0.06306874349831408,0.019799325348999985
1929,21.45,0.97,1.61,0.04638522477681484,0.030299999999999997,0.034,0.03409946738984693,0.0467,0.0595,0.03273004065310148,0.005847953216374213,0.3384578235672891,0.16352236233173167,0.12461401163800001
1930,15.34,0.98,0.97,0.024314391164983018,0.0148,0.033,0.04642919510699706,0.0452,0.0671,0.07975052458599596,-0.06395348837209291,0.5547454125653177,0.11388655195363455,0.06664891933499996
1931,8.12,0.82,0.61,0.00968222986740197,0.0241,0.0407,-0.05315734925677629,0.0532,0.1042,-0.018509819851525666,-0.0931677018633541,1.170731707317073,-0.012921009296933843,0.159402740034
1932,6.89,0.5,0.41,0.012619762718675931,0.0004,0.0315,0.16845211306616048,0.0459,0.0842,0.10820224078889851,-0.10273972602739723,1.44208430136077,-0.0050324693378186285,0.3074516564939999
1933,10.1,0.44,0.44,0.0037263014025059604,0.0029,0.0336,-0.0006930264603636216,0.045,0.0775,0.10376056266745182,0.007633587786259444,0.8290260464173507,0.006195161708204716,0.22181695582500008
1934,9.5,0.45,0.49,0.0022268250274453116,0.0023,0.0293,0.10014997865529929,0.0381,0.0623,0.13843446067757115,0.015151515151515138,0.7737408688965782,0.020812737540118705,0.06659176043100001
1935,13.43,0.47,0.76,0.001826234741837407,0.0015,0.0276,0.04996087564472318,0.0344,0.053,0.09614856066036981,0.029850746268656803,0.5599111912856449,0.008688819283902473,0.03550683560200002
1936,17.18,0.72,1.02,0.0017761753437872674,0.0012,0.0255,0.07495806251817161,0.031,0.0453,0.06744283683190888,0.014492753623188248,0.45858810450250137,0.025224731938199022,0.03125643673099999
1937,10.55,0.8,1.13,0.0029280775994486863,0.0011,0.0273,0.00232647386797713,0.0321,0.0573,0.027467314775122986,0.028571428571428692,0.7074886222589988,0.03177538040255705,0.099632592612
1938,13.21,0.51,0.64,0.0008002344047512988,0.0003,0.0252,0.055118172878977356,0.0308,0.0527,0.06132655356556582,-0.02777777777777779,0.5720393884426016,0.005721709589939342,0.11214282958099993
1939,12.49,0.62,0.9,0.000575095631328626,0.0004,0.0226,0.059497143408056674,0.0294,0.0492,0.03966276007313296,0.0,0.5807053803586905,0.0025507915192535,0.066420313713
1940,10.58,0.67,1.05,0.000525092506562741,0.0002,0.0194,0.06092243108499096,0.0271,0.0445,0.0339408515603159,0.0071428571428571175,0.7290475101044764,0.012589203903412798,0.04804999475100001
1941,8.69,0.71,1.16,0.0008752675319387837,0.0033,0.0204,0.009318208048833432,0.028,0.0438,0.027314183733037067,0.09929078014184389,0.8895097332372027,0.01034280082307481,0.022472427684000013
1942,9.77,0.59,1.03,0.0033291153664376516,0.0038,0.0246,0.032178428966698425,0.0281,0.0428,0.02598113789055123,0.0903225806451613,0.862646566164154,0.0018120318138754553,0.018050978642999996
1943,11.67,0.61,0.94,0.0038054184303146776,0.0038,0.0248,0.020878899899651193,0.0274,0.0382,0.028325934531739705,0.029585798816567976,0.7874015748031497,0.014422521166490399,0.01608653035700001
1944,13.28,0.64,0.93,0.0038054184303146776,0.0038,0.0246,0.02815089165818785,0.027,0.0349,0.0473218912541693,0.02298850574712663,0.7437635753307444,0.019062445960735433,0.008399502658999995
1945,17.36,0.66,0.96,0.0038054184303146776,0.0038,0.0199,0.10730903891586752,0.0261,0.031,0.040756742844816785,0.022471910112359383,0.6132393344046446,0.02552528296887899,0.015969244407
1946,15.3,0.71,1.06,0.0038054184303146776,0.0038,0.0212,-0.0008419237497646614,0.0261,0.0317,0.01722955640900059,0.18131868131868134,0.6924379232505644,0.036076068476119695,0.046371091954
1947,15.3,0.84,1.61,0.004858413774089909,0.0095,0.0243,-0.02627466147588864,0.0286,0.0352,-0.02336383471423409,0.08837209302325566,0.7253256789578274,0.02592159286584231,0.019338520080999993
1948,15.2,0.93,2.29,0.010138286149824483,0.0116,0.0237,0.03385014785511786,0.0279,0.0353,0.04135878707728469,0.02991452991453003,0.8409475465313028,0.015014544847642721,0.02209981011099999
1949,16.76,1.14,2.32,0.011474020020354692,0.011000000000000001,0.0209,0.06439052969819747,0.0258,0.0331,0.03308762431464207,-0.020746887966805017,0.7964292838619588,0.027175581995091392,0.012305915453000006
1950,20.41,1.47,2.84,0.011726136592259406,0.0134,0.0224,0.0005048300127130645,0.0267,0.032,0.02115181205562311,0.05932203389830493,0.7225384419335655,0.031359199992622835,0.021461308570000004
1951,23.77,1.41,2.44,0.014629433518044133,0.0173,0.0269,-0.039421605282187966,0.0301,0.0361,-0.026903090444829525,0.06000000000000005,0.7213163466181332,0.03615078668450711,0.012182239626000008
1952,26.57,1.41,2.4,0.016931415798714378,0.0209,0.0279,0.011693102066427041,0.0297,0.0351,0.0352092236086079,0.007547169811320753,0.6940733127783488,0.026535607923680014,0.006590011401000004
1953,24.81,1.45,2.51,0.020150297319780464,0.016,0.0274,0.03625819357151294,0.0313,0.0374,0.034114424685752986,0.0074906367041198685,0.7597009611961553,0.024823248782877824,0.008279478656999992
1954,35.98,1.54,2.77,0.010741530967112167,0.0115,0.0272,0.07177646776280633,0.029,0.0345,0.05385848529143589,-0.0074349442379182396,0.604119785355721,0.026992812470241084,0.008389813583999997
1955,45.48,1.64,3.62,0.014855485402215818,0.0254,0.0295,-0.01283448886223737,0.0315,0.0362,0.004797369766985193,0.0037453183520599342,0.5098280098280098,0.025244549543947777,0.021620208756999992
1956,46.67,1.74,3.41,0.02554048992108582,0.0321,0.0345,-0.0559421648828613,0.0375,0.0437,-0.06814626776734589,0.029850746268656803,0.5441768274370833,0.02615040089064192,0.013889924297000006
1957,39.99,1.79,3.37,0.03317968883132538,0.0304,0.0323,0.07466466909661773,0.0381,0.0503,0.08713545755905261,0.02898550724637672,0.6536757786499575,0.034873225680043765,0.017546851036999996
1958,55.21,1.75,2.89,0.019151395819015482,0.0277,0.0382,-0.0610620353910043,0.0408,0.0485,-0.022169911615970816,0.01760563380281699,0.511779319797824,0.023686105736377618,0.008489223968999999
1959,59.89,1.83,3.39,0.032433929319457544,0.0449,0.0447,-0.022663557006600943,0.0458,0.0528,-0.009667895831327877,0.01730103806228378,0.45778379651436646,0.02285629123836622,0.008449290527999998
1960,58.11,1.95,3.27,0.0322237361046831,0.0225,0.038,0.1379339434304887,0.0435,0.051,0.09066491547074462,0.013605442176870763,0.5504229651398789,0.02276135162775655,0.010160585947999992
1961,71.55,2.02,3.19,0.023326275487962178,0.026000000000000002,0.0415,0.009678426725107325,0.0442,0.051,0.04818318880106909,0.006711409395973034,0.5059222583910058,0.0223243074528514,0.006487872589000007
1962,63.1,2.13,3.67,0.027351083070446647,0.0287,0.0395,0.06882948926866561,0.0424,0.0492,0.07945036334464883,0.013333333333333197,0.5916270510657875,0.019968021526393473,0.0285449800662597
1963,75.02,2.28,4.02,0.03067106149941612,0.0352,0.0417,0.012143644790879149,0.0435,0.0485,0.02194874756613885,0.016447368421052655,0.5255914542237368,0.008954774905959514,0.007412632973898156
1964,84.75,2.5,4.55,0.03564169969930675,0.0384,0.0423,0.03511702896745028,0.0444,0.0481,0.04772313179425969,0.009708737864077666,0.4872273002871426,0.02309531664854291,0.0027945885215583553
1965,92.43,2.72,5.19,0.03929096012469224,0.0438,0.045,0.00701936978601525,0.0468,0.0502,-0.004567938967481311,0.019230769230769384,0.43063780616140146,0.020837518729631407,0.004589192679206156
1966,80.33,2.87,5.55,0.047936525672640506,0.0496,0.0455,0.03645008283264395,0.0539,0.0618,0.0019529199367378514,0.03459119496855334,0.5769451055759905,0.017207641129152573,0.013935289684063558
1967,96.47,2.92,5.33,0.04364344252560248,0.049699999999999994,0.0556,-0.0917652651649794,0.0619,0.0693,-0.049505868178804424,0.03039513677811545,0.525792445117168,0.014362056484052687,0.006989389901028769
1968,103.86,3.07,5.76,0.05315226205517365,0.0596,0.0598,-0.002573777475901151,0.0645,0.0723,0.025739132146892496,0.0471976401179941,0.5049006622516556,0.03196144692237285,0.0073994538604783364
1969,92.06,3.16,5.78,0.06531387223685625,0.0782,0.0687,-0.05073601487537893,0.0772,0.0865,-0.08090431389613162,0.06197183098591563,0.6510820130941076,0.03427378325373619,0.010015430105682777
1970,92.15,3.14,5.13,0.06988023366452989,0.0487,0.0648,0.12102180697093168,0.0764,0.0912,0.18371379022741885,0.055702917771883076,0.6464263576979926,0.03146170753507015,0.023043385249862307
1971,102.09,3.07,5.7,0.0449591770967428,0.0401,0.0597,0.13236721626818526,0.0725,0.0838,0.11012585989684776,0.03266331658291466,0.6439002471354752,0.0340233465708136,0.010461671493769085
1972,118.05,3.15,6.42,0.04140115270050693,0.0507,0.0599,0.05682442119015163,0.0708,0.0793,0.07259751748373477,0.03406326034063256,0.5956745946157919,0.03420347689239946,0.006361601766660862
1973,97.55,3.38,8.16,0.06826317248441227,0.0745,0.0726,-0.011103879216425305,0.0768,0.0848,0.011394964719774858,0.08705882352941186,0.7555884634369932,0.013007395124224599,0.025068712968902705
1974,68.56,3.6,8.89,0.08076101494138865,0.07150000000000001,0.076,0.04342649301909307,0.0889,0.1063,-0.030617512511581957,0.12337662337662336,1.1200181747371154,0.008771573957945762,0.04804283568634932
1975,90.19,3.68,7.96,0.06240267812580802,0.054400000000000004,0.0805,0.09186887717259862,0.0879,0.1056,0.14644256327733984,0.06936416184971095,0.8763388510223954,0.023710973159138928,0.02426339046843409
1976,107.46,4.05,9.91,0.05336021058222484,0.0435,0.0721,0.1676451102143508,0.0798,0.0912,0.18646869379351605,0.048648648648648596,0.7799731249688947,0.028567357816801194,0.012467129928873156
1977,95.1,4.67,10.89,0.05037064195045571,0.060700000000000004,0.0803,-0.006988547503462672,0.0819,0.0899,0.017097783189292892,0.0670103092783505,0.9603330245316843,0.030474396412762304,0.00825975309147877
1978,96.11,5.07,12.33,0.06906410213226333,0.0908,0.0898,-0.011658690259455429,0.0916,0.0994,-0.0007035631045243518,0.09017713365539448,1.045701295636079,0.014850552202063072,0.01580113892925259
1979,107.94,5.65,14.86,0.09811333709839531,0.1204,0.1012,-0.012503115943428234,0.1074,0.1206,-0.04200410548470224,0.13293943870014768,1.0619500679590814,0.010514435016064295,0.011823023448285284
1980,135.76,6.16,14.82,0.11608074758093645,0.1549,0.1199,-0.03952986396365832,0.1321,0.1514,-0.02756526005516824,0.1251629726205996,0.8915030238902892,0.026817093504646283,0.027341907701316025
1981,122.55,6.63,15.36,0.15384785215123986,0.1085,0.1334,0.018569705569506212,0.1423,0.1655,-0.01236193236318961,0.0892236384704519,1.0611428571428572,0.011909648482442949,0.018130674799456056
1982,140.64,6.87,12.64,0.1143564047425889,0.0794,0.1095,0.4035036914126131,0.1183,0.1414,0.4256189929775782,0.038297872340425476,0.9322147266229671,0.002990051314931505,0.03344092549180891
1983,164.93,7.09,14.03,0.08795882052179249,0.09,0.1197,0.006519063129268199,0.1257,0.1375,0.06258576382044256,0.037909836065573854,0.7003591177779189,0.027056895354317316,0.01787076908400509
1984,167.24,7.53,16.64,0.10047503631507793,0.0806,0.117,0.15492497979200315,0.1213,0.134,0.16860157699145528,0.03948667324777877,0.7330983764867074,-0.027196788219124485,0.01625097148751461
1985,211.28,7.9,14.61,0.07879652377985802,0.071,0.0956,0.3097114500525422,0.1016,0.1158,0.30090889786974073,0.037986704653371284,0.59269268816231,-0.019465079205520434,0.010517739451422757
1986,242.17,8.28,14.48,0.06418357097245964,0.0553,0.0789,0.2452123788005558,0.0849,0.0997,0.1984747724570044,0.010978956999085021,0.49843086579287427,-0.011376972740397232,0.02167616287805301
1987,247.08,8.81,17.5,0.05924604817576795,0.057699999999999994,0.092,-0.027165684524365852,0.1011,0.1129,-0.002675910863092601,0.044343891402715,0.5088120154938803,0.013274757067494015,0.10332703042894803
1988,277.72,9.75,23.75,0.06442047252136285,0.08070000000000001,0.0918,0.09666585198730204,0.0957,0.1065,0.10704120942637152,0.04419410745233954,0.4652835739680988,-0.02140574834973348,0.029262022707812523
1989,353.4,11.055,22.87,0.08452759585377057,0.07629999999999999,0.0816,0.18097499753132684,0.0886,0.0982,0.16231363408277,0.04647302904564321,0.39045474357111726,-0.01233353817713104,0.017238883989130767
1990,330.22,12.086,21.339999999999996,0.078775135913004,0.0674,0.0844,0.0616924995474466,0.0905,0.1043,0.06782734895882703,0.0610626486915149,0.4844968598832044,-0.001845904380195057,0.025450189650550365
1991,417.09,12.203,15.969999999999999,0.05989627221290772,0.0407,0.073,0.19264939981680795,0.0831,0.0926,0.19888966766277605,0.03064275037369213,0.42034441734015393,0.03181238339596878,0.02067967992239785
1992,435.71,12.385000000000002,19.090000000000003,0.03720539505275333,0.0322,0.0726,0.08053579635266539,0.0798,0.0881,0.09393433736806611,0.029006526468455363,0.3941096141989526,0.03882868628085275,0.009422463225374076
1993,466.45,12.576999999999998,21.89,0.030824888088347047,0.030600000000000002,0.0654,0.18234581828596985,0.0693,0.0769,0.13185003999476463,0.02748414376321362,0.3052672229090084,0.045726871339500465,0.007417883605727312
1994,459.27,13.170000000000002,30.6,0.038849074430125974,0.055999999999999994,0.0799,-0.07777077626706563,0.0846,0.091,-0.05761069633355065,0.02674897119341546,0.2915683000067602,0.016596291904089715,0.00965228414361114
1995,615.93,13.787999999999998,33.96,0.05635283330328078,0.051399999999999994,0.0603,0.316564928681778,0.0682,0.0749,0.27204235465253324,0.025384101536406245,0.2550263829395351,0.015526517530730723,0.006427150804013053
1996,740.74,14.899,38.730000000000004,0.051672047751260664,0.049100000000000005,0.0673,-0.009184553768426973,0.072,0.0789,0.01401567027616335,0.03322475570032579,0.20734272969549994,0.02412568647503003,0.014077611880070208
1997,970.43,15.497,39.72,0.050763595318581656,0.0516,0.0602,0.1586593708529942,0.0676,0.0732,0.12949421608576284,0.017023959646910614,0.1788008842040588,0.015559471547242971,0.03320007201342348
1998,1229.23,16.195,37.71,0.05037403462776213,0.043899999999999995,0.0542,0.13070403687400423,0.0622,0.0723,0.10755563999396078,0.016119032858028515,0.17361131536550134,0.020057030440960393,0.04125812047168162
1999,1469.25,16.692,48.17,0.04597176362506805,0.052000000000000005,0.0682,-0.08989884110225632,0.0755,0.0819,-0.07454259463466262,0.02684563758389258,0.147167259434962,0.01788875688519155,0.032677858723400406
2000,1320.28,16.270999999999997,50.0,0.05765520365087129,0.057699999999999994,0.0558,0.21493437243882152,0.0721,0.0802,0.12854536528312743,0.03386809269162194,0.15185150364920535,-0.0022617468251434564,0.04921656222856087
2001,1148.08,15.74,24.69,0.041411304529239024,0.0169,0.0575,0.03702752242056517,0.0677,0.0805,0.10636657181632181,0.01551724137931032,0.1312178459137877,0.013464826012758809,0.04560569652715768
2002,879.82,16.073999999999998,27.589999999999996,0.017133961525303,0.011899999999999999,0.0484,0.1784139276059078,0.0621,0.0745,0.16641517524398552,0.02376910016977929,0.29538589561836665,0.025735978058795333,0.06769232142607003
2003,1111.92,17.385,48.739999999999995,0.010490849849769335,0.009000000000000001,0.051500000000000004,0.008959395590122377,0.0562,0.066,0.0527255505840436,0.018794914317302513,0.21873986475412183,0.0069463113713297935,0.029260778255553836
2004,1211.92,19.442,58.55,0.011952063288624748,0.0219,0.0484,0.08497318439332946,0.0547,0.0615,0.08721154343451798,0.03255561584373301,0.27061924267899223,0.01300151140806517,0.012291490943089905
2005,1248.29,22.216,69.83,0.028599263315503665,0.038900000000000004,0.0461,0.07807559250348373,0.0537,0.0632,0.058722730610048846,0.03415659485023648,0.3134779566130161,0.003058881893187935,0.0105405869759071
2006,1418.3,24.884,81.50999999999999,0.04576332011131634,0.048499999999999995,0.0491,0.011759539125008711,0.0532,0.0622,0.032355359074077494,0.025406504065040636,0.28168239971435793,-0.01503677652357727,0.010061623100235449
2007,1468.3552,27.732,66.18074431472293,0.04651286013635736,0.03,0.045,0.09892796276378091,0.0549,0.0665,0.0258900171364993,0.04081268582755193,0.2505829731427226,-0.04063729375640201,0.0253597670153071
2008,903.25,28.387,14.879999999999995,0.018241686808281754,0.0003,0.0303,0.2586177059498629,0.0505,0.0843,0.08789646388275307,0.0009141290064560437,0.35498422472109836,-0.02449841790223996,0.1684885729497596
2009,1115.1,22.405,50.97,0.0013506244855368,0.0005,0.0458,-0.14898272692578107,0.0526,0.0637,0.03001226419466163,0.027213311262058282,0.3255306600946486,0.010594469197633806,0.07439551848292308
2010,1257.64,22.729,77.35,0.0011754969628958722,0.0014000000000000002,0.0413782,0.10143661004736804,0.0502,0.061,0.124387393846489,0.014957235273143077,0.35810031690752153,0.012611848285473015,0.0325325192892401
2011,1257.6,26.424999999999997,86.95,0.0007251650124375786,0.0001,0.0248,0.27096245434275823,0.0393,0.0525,0.17939640591199546,0.029624188448710953,0.35723254070370847,-0.006497328606750422,0.05395487487920521
2012,1426.19,31.246942068069245,86.51000000000002,0.0007251793914220261,0.0007000000000000001,0.0241,0.03438617944383204,0.0365,0.0463,0.1067484692827203,0.01741022368747558,0.3490324431820784,-0.01154912103836373,0.01617645980023333
2013,1848.36,34.99204410973712,100.2,0.0005751156343909436,0.0007000000000000001,0.0367,-0.12786088417709474,0.0462,0.0538,-0.07079492500345841,0.01501735619618394,0.3044081256417155,0.01214394603236147,0.012483037345271767
2014,2058.9,39.443141092729945,102.31,0.0004500718797812997,0.0003,0.024,0.24741714848849705,0.0379,0.0474,0.17274066846447078,0.007564932696557447,0.3237556717220995,0.005625011733651848,0.012929520641988601
2015,2043.939941,43.387887360930144,86.53,0.00025002312593791487,0.0023,0.0243,-0.006406586017456917,0.0397,0.0546,-0.010095966433673276,0.007295197860415881,0.31364881437793796,-0.022251550295840687,0.023910409550971123
2016,2238.83,45.70060348529786,94.55,0.0027027274700168746,0.0051,0.0272,0.017610746439355562,0.0406,0.0483,0.06700805234895446,0.02074622132966919,0.2934790968799652,-0.025107883572043785,0.01711914177918682
2017,2673.610107,48.93201933560771,109.88,0.008174402207443254,0.0132,0.0254,0.06234233563786473,0.0351,0.042199999999999994,0.12243533694884001,0.021090824745684245,0.2353933430957158,-0.0198797967425457,0.004563063097531118
2018,2506.85,53.74817808461687,132.39,0.017740717624432634,0.023700000000000002,0.0284,-0.005623593683190764,0.04019999999999999,0.0513,-0.04736201677060414,0.019101588486313714,0.2681667871255593,-0.01922791014330778,0.028855032996115346
2019,3230.780029,58.24,139.47,0.02225788929377326,0.0154,0.018600000000000002,0.12165221893910538,0.0301,0.0388,0.19939386605376508,0.022851297401217163,0.22193189681695102,-0.007199151120591523,0.01575764061171563
2020,3756.07,58.27884613601017,94.13,0.00525599176265068,0.0009,0.009300000000000001,0.16661183944487945,0.0226,0.0316,0.15394899232787917,0.013620054947193205,0.21662210094071582,-9.78815302328833e-05,0.11872739254033195
2021,4766.18,60.397117282392585,197.87,0.0005000868813751502,0.0006,0.0147,-0.054275013448397025,0.0265,0.033,-0.026525913206380092,0.07036402865545144,0.1759317304331793,0.012970015216677597,0.017330918639295992
2022,3839.5,66.92282834870045,172.75,0.01284378897071603,0.0425,0.0362,-0.12462649252985081,0.0443,0.0559,-0.15761571360864124,0.0645440133141082,0.2164785917383795,-0.021249309350296362,0.05811164149267182
2023,4769.83,70.30369194373775,192.42999999999998,0.04943883803524418,0.0524,0.04019999999999999,0.04053208066203928,0.047400000000000005,0.0564,0.08518630820025619,0.033521228314302265,0.19442397015193075,-0.017441345209419524,0.017141645879692528
2024,5881.62764821408,74.83225458976072,210.17,0.05252283500850252,0.042699999999999995,0.043899999999999995,0.005774914474175441,0.052000000000000005,0.057999999999999996,0.02125083435525643,0.02888057219980067,0.18305565362345344,-0.00461445227194683,0.01612612121887819
