date,sp500_exret
1926-01-01,-0.0047079999999999995
1926-02-01,-0.03620433333333333
1926-03-01,-0.060358
1926-04-01,0.03590533333333333
1926-05-01,0.011056333333333333
1926-06-01,0.05378533333333333
1926-07-01,0.038203
1926-08-01,0.027322000000000003
1926-09-01,0.01112
1926-10-01,-0.033372
1926-11-01,0.023837
1926-12-01,0.023247
1927-01-01,-0.00541
1927-02-01,0.042922
1927-03-01,0.004324
1927-04-01,0.010520999999999999
1927-05-01,0.059352999999999996
1927-06-01,-0.022969999999999997
1927-07-01,0.08145
1927-08-01,0.030521000000000003
1927-09-01,0.050916
1927-10-01,-0.049304
1927-11-01,0.06844599999999999
1927-12-01,0.017095
1928-01-01,-0.009682
1928-02-01,-0.015849
1928-03-01,0.102852
1928-04-01,0.032525
1928-05-01,0.009125
1928-06-01,-0.03743
1928-07-01,0.0069169999999999995
1928-08-01,0.06703
1928-09-01,0.019708999999999997
1928-10-01,0.009739000000000001
1928-11-01,0.119175
1928-12-01,0.005632
1929-01-01,0.052073
1929-02-01,-0.008473999999999999
1929-03-01,-0.003246
1929-04-01,0.015959
1929-05-01,-0.045681
1929-06-01,0.10709300000000001
1929-07-01,0.046714000000000006
1929-08-01,0.090871
1929-09-01,-0.054441
1929-10-01,-0.19075
1929-11-01,-0.129059
1929-12-01,0.024052999999999998
1930-01-01,0.058232
1930-02-01,0.023041000000000002
1930-03-01,0.06884799999999999
1930-04-01,-0.016038
1930-05-01,-0.013748
1930-06-01,-0.158415
1930-07-01,0.036712999999999996
1930-08-01,0.010366
1930-09-01,-0.125749
1930-10-01,-0.08458
1930-11-01,-0.021036
1930-12-01,-0.072879
1931-01-01,0.058026999999999995
1931-02-01,0.110543
1931-03-01,-0.070239
1931-04-01,-0.09375499999999999
1931-05-01,-0.138574
1931-06-01,0.14569200000000002
1931-07-01,-0.07606500000000001
1931-08-01,0.007479
1931-09-01,-0.28776100000000004
1931-10-01,0.075738
1931-11-01,-0.102609
1931-12-01,-0.13875700000000002
1932-01-01,-0.021103
1932-02-01,0.05128099999999999
1932-03-01,-0.120507
1932-04-01,-0.206395
1932-05-01,-0.23272299999999999
1932-06-01,0.002568
1932-07-01,0.391538
1932-08-01,0.40167899999999995
1932-09-01,-0.029826000000000002
1932-10-01,-0.142269
1932-11-01,-0.052427999999999995
1932-12-01,0.061468999999999996
1933-01-01,0.013838000000000001
1933-02-01,-0.179258
1933-03-01,0.038227000000000004
1933-04-01,0.413312
1933-05-01,0.174416
1933-06-01,0.137298
1933-07-01,-0.08493600000000001
1933-08-01,0.12297200000000001
1933-09-01,-0.118245
1933-10-01,-0.090723
1933-11-01,0.10835299999999999
1933-12-01,0.026494
1934-01-01,0.114533
1934-02-01,-0.03304
1934-03-01,0.005155000000000001
1934-04-01,-0.025589999999999998
1934-05-01,-0.078597
1934-06-01,0.02398
1934-07-01,-0.119946
1934-08-01,0.05855
1934-09-01,-0.000316
1934-10-01,-0.032763
1934-11-01,0.085959
1934-12-01,-0.000781
1935-01-01,-0.042468000000000006
1935-02-01,-0.03704
1935-03-01,-0.031554000000000006
1935-04-01,0.09639299999999999
1935-05-01,0.038035
1935-06-01,0.070433
1935-07-01,0.083714
1935-08-01,0.026469
1935-09-01,0.025426
1935-10-01,0.071703
1935-11-01,0.051743000000000004
1935-12-01,0.039786999999999996
1936-01-01,0.07173199999999999
1936-02-01,0.022361
1936-03-01,0.023829
1936-04-01,-0.07778800000000001
1936-05-01,0.052906
1936-06-01,0.032242
1936-07-01,0.07334199999999999
1936-08-01,0.013923999999999999
1936-09-01,0.004717
1936-10-01,0.076081
1936-11-01,0.010566
1936-12-01,-0.00383
1937-01-01,0.036548
1937-02-01,0.018283
1937-03-01,-0.0036109999999999996
1937-04-01,-0.08094599999999999
1937-05-01,-0.006299
1937-06-01,-0.054103
1937-07-01,0.098691
1937-08-01,-0.051383
1937-09-01,-0.14001000000000002
1937-10-01,-0.102922
1937-11-01,-0.08448900000000001
1937-12-01,-0.045828
1938-01-01,0.012163
1938-02-01,0.065757
1938-03-01,-0.254006
1938-04-01,0.142567
1938-05-01,-0.039973
1938-06-01,0.253519
1938-07-01,0.074838
1938-08-01,-0.025901
1938-09-01,0.016732
1938-10-01,0.07886
1938-11-01,-0.025607
1938-12-01,0.04481
1939-01-01,-0.070406
1939-02-01,0.039192
1939-03-01,-0.134721
1939-04-01,-0.006611
1939-05-01,0.06945699999999999
1939-06-01,-0.06191
1939-07-01,0.11131
1939-08-01,-0.067451
1939-09-01,0.181067
1939-10-01,-0.016887
1939-11-01,-0.040532
1939-12-01,0.028177
1940-01-01,-0.035927
1940-02-01,0.013139
1940-03-01,0.013561
1940-04-01,-0.004478
1940-05-01,-0.23127999999999999
1940-06-01,0.083035
1940-07-01,0.03299
1940-08-01,0.035521000000000004
1940-09-01,0.014221
1940-10-01,0.041468
1940-11-01,-0.029431
1940-12-01,0.002927
1941-01-01,-0.045454999999999995
1941-02-01,-0.0046289999999999994
1941-03-01,0.008772
1941-04-01,-0.062051999999999996
1941-05-01,0.013184
1941-06-01,0.058851
1941-07-01,0.056805999999999995
1941-08-01,-0.001213
1941-09-01,-0.007451
1941-10-01,-0.064602
1941-11-01,-0.024916
1941-12-01,-0.038943000000000005
1942-01-01,0.022076000000000002
1942-02-01,-0.017747
1942-03-01,-0.064168
1942-04-01,-0.038088000000000004
1942-05-01,0.070039
1942-06-01,0.023344
1942-07-01,0.035731
1942-08-01,0.015046
1942-09-01,0.032149
1942-10-01,0.067567
1942-11-01,-0.004692
1942-12-01,0.057236999999999996
1943-01-01,0.072134
1943-02-01,0.058203
1943-03-01,0.059104
1943-04-01,0.003288
1943-05-01,0.052398
1943-06-01,0.021389
1943-07-01,-0.053392
1943-08-01,0.015931999999999998
1943-09-01,0.027198
1943-10-01,-0.01195
1943-11-01,-0.067352
1943-12-01,0.07000500000000001
1944-01-01,0.018321999999999998
1944-02-01,0.0061790000000000005
1944-03-01,0.021113
1944-04-01,-0.012727
1944-05-01,0.048541
1944-06-01,0.054273999999999996
1944-07-01,-0.019770000000000003
1944-08-01,0.0144
1944-09-01,-0.000892
1944-10-01,0.002135
1944-11-01,0.017026
1944-12-01,0.044578
1945-01-01,0.011601
1945-02-01,0.069272
1945-03-01,-0.041885
1945-04-01,0.090224
1945-05-01,0.019740999999999998
1945-06-01,0.00218
1945-07-01,-0.021839
1945-08-01,0.059552
1945-09-01,0.046061
1945-10-01,0.030514999999999997
1945-11-01,0.04475
1945-12-01,0.010833
1946-01-01,0.069204
1946-02-01,-0.065471
1946-03-01,0.048818
1946-04-01,0.035448
1946-05-01,0.028485
1946-06-01,-0.035589
1946-07-01,-0.02765
1946-08-01,-0.069155
1946-09-01,-0.10441199999999999
1946-10-01,-0.005936
1946-11-01,-0.0041010000000000005
1946-12-01,0.046518
1947-01-01,0.021713
1947-02-01,-0.008607
1947-03-01,-0.015308
1947-04-01,-0.03986
1947-05-01,-0.00129
1947-06-01,0.053690999999999996
1947-07-01,0.039272
1947-08-01,-0.023376
1947-09-01,-0.010528
1947-10-01,0.019978
1947-11-01,-0.018233
1947-12-01,0.029984
1948-01-01,-0.038443
1948-02-01,-0.040931999999999996
1948-03-01,0.08054
1948-04-01,0.030021000000000003
1948-05-01,0.08321400000000001
1948-06-01,0.006765
1948-07-01,-0.053096000000000004
1948-08-01,0.014639000000000001
1948-09-01,-0.027416
1948-10-01,0.06964100000000001
1948-11-01,-0.098732
1948-12-01,0.035552
1949-01-01,0.001676
1949-02-01,-0.032539
1949-03-01,0.032980999999999996
1949-04-01,-0.019591
1949-05-01,-0.030423000000000002
1949-06-01,0.0007440000000000001
1949-07-01,0.061832
1949-08-01,0.0209
1949-09-01,0.026514999999999997
1949-10-01,0.02888
1949-11-01,0.019938
1949-12-01,0.050084000000000004
1950-01-01,0.018802999999999997
1950-02-01,0.018702999999999997
1950-03-01,0.0071849999999999995
1950-04-01,0.044987
1950-05-01,0.045902
1950-06-01,-0.055224
1950-07-01,0.015981
1950-08-01,0.047063
1950-09-01,0.058466
1950-10-01,0.0038840000000000003
1950-11-01,0.02133
1950-12-01,0.054325000000000005
1951-01-01,0.063805
1951-02-01,0.013545999999999999
1951-03-01,-0.018584
1951-04-01,0.047807999999999996
1951-05-01,-0.031179
1951-06-01,-0.027048
1951-07-01,0.069635
1951-08-01,0.04892
1951-09-01,0.001668
1951-10-01,-0.014921
1951-11-01,0.010288
1951-12-01,0.040615
1952-01-01,0.016267999999999998
1952-02-01,-0.026441
1952-03-01,0.051705
1952-04-01,-0.042623
1952-05-01,0.032397999999999996
1952-06-01,0.046332
1952-07-01,0.017629
1952-08-01,-0.007174
1952-09-01,-0.019685
1952-10-01,-0.0010800000000000002
1952-11-01,0.060382
1952-12-01,0.036615
1953-01-01,-0.007807
1953-02-01,-0.00894
1953-03-01,-0.024088
1953-04-01,-0.026908
1953-05-01,0.0057009999999999995
1953-06-01,-0.016066
1953-07-01,0.024814
1953-08-01,-0.051801
1953-09-01,0.0005870000000000001
1953-10-01,0.049746
1953-11-01,0.022963
1953-12-01,0.00041299999999999996
1954-01-01,0.052386
1954-02-01,0.012216000000000001
1954-03-01,0.029730000000000003
1954-04-01,0.047458
1954-05-01,0.042277
1954-06-01,0.0018670000000000002
1954-07-01,0.058201
1954-08-01,-0.026394
1954-09-01,0.0816
1954-10-01,-0.018567
1954-11-01,0.095174
1954-12-01,0.053488
1955-01-01,0.017276
1955-02-01,0.012626
1955-03-01,-0.003242
1955-04-01,0.038843
1955-05-01,0.005033
1955-06-01,0.0803
1955-07-01,0.056646
1955-08-01,-0.002248
1955-09-01,0.009685999999999998
1955-10-01,-0.032268
1955-11-01,0.08612500000000001
1955-12-01,-0.0021089999999999998
1956-01-01,-0.037257
1956-02-01,0.039497000000000004
1956-03-01,0.068828
1956-04-01,-0.002537
1956-05-01,-0.060714000000000004
1956-06-01,0.03691
1956-07-01,0.049227
1956-08-01,-0.034488
1956-09-01,-0.045822
1956-10-01,0.004118999999999999
1956-11-01,-0.003921
1956-12-01,0.033884
1957-01-01,-0.042938000000000004
1957-02-01,-0.027319
1957-03-01,0.021527
1957-04-01,0.044038
1957-05-01,0.036134
1957-06-01,-0.0031049999999999997
1957-07-01,0.006747
1957-08-01,-0.051498
1957-09-01,-0.060479
1957-10-01,-0.041734
1957-11-01,0.020902999999999998
1957-12-01,-0.039821999999999996
1958-01-01,0.042718000000000006
1958-02-01,-0.015309
1958-03-01,0.032152
1958-04-01,0.032711
1958-05-01,0.020213
1958-06-01,0.027697999999999997
1958-07-01,0.04326
1958-08-01,0.017599
1958-09-01,0.048937
1958-10-01,0.02557
1958-11-01,0.027517
1958-12-01,0.051912
1959-01-01,0.004231
1959-02-01,0.004811
1959-03-01,0.0011519999999999998
1959-04-01,0.038054
1959-05-01,0.021431
1959-06-01,-0.003225
1959-07-01,0.032004
1959-08-01,-0.012976000000000001
1959-09-01,-0.046282
1959-10-01,0.009574
1959-11-01,0.015885999999999997
1959-12-01,0.026227
1960-01-01,-0.07323299999999999
1960-02-01,0.011022
1960-03-01,-0.016066
1960-04-01,-0.018012999999999998
1960-05-01,0.030813
1960-06-01,0.019402
1960-07-01,-0.024248
1960-08-01,0.029767000000000002
1960-09-01,-0.060313
1960-10-01,-0.0032790000000000002
1960-11-01,0.044780999999999994
1960-12-01,0.047239
1961-01-01,0.06242
1961-02-01,0.031438
1961-03-01,0.027345
1961-04-01,0.002837
1961-05-01,0.021753
1961-06-01,-0.028672999999999997
1961-07-01,0.031994999999999996
1961-08-01,0.023329999999999997
1961-09-01,-0.020374
1961-10-01,0.026274000000000002
1961-11-01,0.043726
1961-12-01,0.002796
1962-01-01,-0.039756
1962-02-01,0.018591999999999997
1962-03-01,-0.005842
1962-04-01,-0.063943
1962-05-01,-0.082247
1962-06-01,-0.082669
1962-07-01,0.062503
1962-08-01,0.019369
1962-09-01,-0.050915999999999996
1962-10-01,0.005812999999999999
1962-11-01,0.106268
1962-12-01,0.013234
1963-01-01,0.047867
1963-02-01,-0.026489
1963-03-01,0.034281000000000006
1963-04-01,0.04657
1963-05-01,0.017274
1963-06-01,-0.020905
1963-07-01,-0.004521
1963-08-01,0.050966
1963-09-01,-0.013101999999999999
1963-10-01,0.031925
1963-11-01,-0.007187
1963-12-01,0.023165
1964-01-01,0.024391
1964-02-01,0.014414999999999999
1964-03-01,0.014132
1964-04-01,0.003292
1964-05-01,0.014215
1964-06-01,0.015084
1964-07-01,0.01591
1964-08-01,-0.014421
1964-09-01,0.027599
1964-10-01,0.0058449999999999995
1964-11-01,-0.0013019999999999998
1964-12-01,0.002128
1965-01-01,0.031991000000000006
1965-02-01,0.0007460000000000001
1965-03-01,-0.015813
1965-04-01,0.032512
1965-05-01,-0.006222
1965-06-01,-0.050379999999999994
1965-07-01,0.011386
1965-08-01,0.02426
1965-09-01,0.030266
1965-10-01,0.025712000000000002
1965-11-01,-0.007320999999999999
1965-12-01,0.007049000000000001
1966-01-01,0.001905
1966-02-01,-0.01625
1966-03-01,-0.026841
1966-04-01,0.018758
1966-05-01,-0.05324
1966-06-01,-0.01818
1966-07-01,-0.015628999999999997
1966-08-01,-0.07575000000000001
1966-09-01,-0.010244
1966-10-01,0.043833
1966-11-01,0.007223
1966-12-01,-0.003674
1967-01-01,0.074915
1967-02-01,0.003914
1967-03-01,0.037237
1967-04-01,0.040171
1967-05-01,-0.050109999999999995
1967-06-01,0.016619
1967-07-01,0.043354000000000004
1967-08-01,-0.009924
1967-09-01,0.030614999999999996
1967-10-01,-0.031348
1967-11-01,0.002835
1967-12-01,0.023778999999999998
1968-01-01,-0.045875
1968-02-01,-0.0308
1968-03-01,0.005896
1968-04-01,0.079792
1968-05-01,0.011874
1968-06-01,0.0056159999999999995
1968-07-01,-0.022244
1968-08-01,0.012215
1968-09-01,0.035051
1968-10-01,0.004186999999999999
1968-11-01,0.04938
1968-12-01,-0.045126
1969-01-01,-0.012847
1969-02-01,-0.046921
1969-03-01,0.030247000000000003
1969-04-01,0.017471
1969-05-01,-0.0009459999999999998
1969-06-01,-0.059457
1969-07-01,-0.063932
1969-08-01,0.040728
1969-09-01,-0.030141
1969-10-01,0.0409
1969-11-01,-0.034352
1969-12-01,-0.023322
1970-01-01,-0.08139800000000001
1970-02-01,0.053321
1970-03-01,-0.0028939999999999994
1970-04-01,-0.093831
1970-05-01,-0.059989
1970-06-01,-0.054832
1970-07-01,0.07032300000000001
1970-08-01,0.044478000000000004
1970-09-01,0.029301999999999995
1970-10-01,-0.013632
1970-11-01,0.049787
1970-12-01,0.054484
1971-01-01,0.039028
1971-02-01,0.010017000000000002
1971-03-01,0.036067999999999996
1971-04-01,0.034165
1971-05-01,-0.04005
1971-06-01,-0.001261
1971-07-01,-0.044827000000000006
1971-08-01,0.037335999999999994
1971-09-01,-0.008738
1971-10-01,-0.043829
1971-11-01,-0.0008020000000000002
1971-12-01,0.08418
1972-01-01,0.016188
1972-02-01,0.027721000000000003
1972-03-01,0.004615
1972-04-01,0.002576
1972-05-01,0.019019
1972-06-01,-0.023056
1972-07-01,0.00014500000000000016
1972-08-01,0.036525
1972-09-01,-0.006677000000000001
1972-10-01,0.006878
1972-11-01,0.046597
1972-12-01,0.009963
1973-01-01,-0.021152
1973-02-01,-0.037918
1973-03-01,-0.005693
1973-04-01,-0.045264
1973-05-01,-0.01905
1973-06-01,-0.010278
1973-07-01,0.032728
1973-08-01,-0.038544
1973-09-01,0.035419
1973-10-01,-0.006188000000000001
1973-11-01,-0.11282
1973-12-01,0.011571000000000001
1974-01-01,-0.01442
1974-02-01,-0.0038079999999999998
1974-03-01,-0.027418
1974-04-01,-0.045149
1974-05-01,-0.034395999999999996
1974-06-01,-0.018816
1974-07-01,-0.083698
1974-08-01,-0.088177
1974-09-01,-0.125611
1974-10-01,0.16301300000000002
1974-11-01,-0.051088
1974-12-01,-0.025020999999999998
1975-01-01,0.11781
1975-02-01,0.06316000000000001
1975-03-01,0.019914
1975-04-01,0.045024
1975-05-01,0.046793
1975-06-01,0.04212
1975-07-01,-0.070304
1975-08-01,-0.020463
1975-09-01,-0.03755
1975-10-01,0.059254999999999995
1975-11-01,0.025989
1975-12-01,-0.015285
1976-01-01,0.115443
1976-02-01,-0.009156000000000001
1976-03-01,0.028640000000000002
1976-04-01,-0.01381
1976-05-01,-0.011816
1976-06-01,0.039659
1976-07-01,-0.011902
1976-08-01,-0.002601
1976-09-01,0.020021
1976-10-01,-0.024311
1976-11-01,-0.005041
1976-12-01,0.049775
1977-01-01,-0.053253999999999996
1977-02-01,-0.019138
1977-03-01,-0.016302
1977-04-01,-0.003159
1977-05-01,-0.018764
1977-06-01,0.043775999999999995
1977-07-01,-0.019653
1977-08-01,-0.01671
1977-09-01,-0.005125
1977-10-01,-0.046884
1977-11-01,0.031752
1977-12-01,0.0006700000000000005
1978-01-01,-0.065543
1978-02-01,-0.02086
1978-03-01,0.021625000000000002
1978-04-01,0.083564
1978-05-01,0.008619
1978-06-01,-0.021977999999999998
1978-07-01,0.051373999999999996
1978-08-01,0.028040999999999996
1978-09-01,-0.011363
1978-10-01,-0.09637
1978-11-01,0.019771
1978-12-01,0.008825999999999997
1979-01-01,0.034997
1979-02-01,-0.035949
1979-03-01,0.049261
1979-04-01,-0.003817
1979-05-01,-0.025018
1979-06-01,0.032223999999999996
1979-07-01,0.004350999999999999
1979-08-01,0.054165000000000005
1979-09-01,-0.006884
1979-10-01,-0.07425999999999999
1979-11-01,0.042877
1979-12-01,0.008839999999999999
1980-01-01,0.053308
1980-02-01,-0.0062889999999999995
1980-03-01,-0.109618
1980-04-01,0.029794
1980-05-01,0.047459999999999995
1980-06-01,0.023621999999999997
1980-07-01,0.0629
1980-08-01,0.007054
1980-09-01,0.020435000000000002
1980-10-01,0.008308999999999999
1980-11-01,0.10031
1980-12-01,-0.043734
1981-01-01,-0.05377
1981-02-01,0.010567
1981-03-01,0.026185
1981-04-01,-0.031011
1981-05-01,-0.004961
1981-06-01,-0.021755000000000004
1981-07-01,-0.011686
1981-08-01,-0.06834
1981-09-01,-0.06286599999999999
1981-10-01,0.040015
1981-11-01,0.033127
1981-12-01,-0.035759
1982-01-01,-0.023367
1982-02-01,-0.059641
1982-03-01,-0.016605
1982-04-01,0.03025
1982-05-01,-0.040105
1982-06-01,-0.025379
1982-07-01,-0.030699000000000004
1982-08-01,0.11980199999999999
1982-09-01,0.005396
1982-10-01,0.107963
1982-11-01,0.039454
1982-12-01,0.010134999999999998
1983-01-01,0.028392999999999998
1983-02-01,0.019533
1983-03-01,0.02917
1983-04-01,0.068619
1983-05-01,-0.012587000000000001
1983-06-01,0.030270000000000002
1983-07-01,-0.038638
1983-08-01,0.008264
1983-09-01,0.0065049999999999995
1983-10-01,-0.020708
1983-11-01,0.016846
1983-12-01,-0.013049
1984-01-01,-0.011498
1984-02-01,-0.041134000000000004
1984-03-01,0.009995
1984-04-01,-0.0013190000000000016
1984-05-01,-0.060931
1984-06-01,0.015437
1984-07-01,-0.021965
1984-08-01,0.104138
1984-09-01,-0.008664
1984-10-01,-0.006669
1984-11-01,-0.017141
1984-12-01,0.019156
1985-01-01,0.070368
1985-02-01,0.008366
1985-03-01,-0.006836
1985-04-01,-0.010904
1985-05-01,0.05614
1985-06-01,0.010564999999999998
1985-07-01,-0.009521
1985-08-01,-0.011973000000000001
1985-09-01,-0.039248
1985-10-01,0.038579
1985-11-01,0.06578700000000001
1985-12-01,0.041656
1986-01-01,-0.0008940000000000007
1986-02-01,0.071225
1986-03-01,0.049832
1986-04-01,-0.018548000000000002
1986-05-01,0.050426
1986-06-01,0.010544000000000001
1986-07-01,-0.062741
1986-08-01,0.06981699999999999
1986-09-01,-0.087743
1986-10-01,0.051938
1986-11-01,0.020975999999999998
1986-12-01,-0.032413
1987-01-01,0.130983
1987-02-01,0.037478000000000004
1987-03-01,0.021636
1987-04-01,-0.013444999999999999
1987-05-01,0.005328000000000001
1987-06-01,0.04534
1987-07-01,0.045243
1987-08-01,0.034407999999999994
1987-09-01,-0.02644
1987-10-01,-0.221795
1987-11-01,-0.085374
1987-12-01,0.070022
1988-01-01,0.039812
1988-02-01,0.042845
1988-03-01,-0.035247
1988-04-01,0.005915999999999999
1988-05-01,0.0029119999999999997
1988-06-01,0.042776
1988-07-01,-0.009558
1988-08-01,-0.038388000000000005
1988-09-01,0.036539
1988-10-01,0.020791000000000004
1988-11-01,-0.020055
1988-12-01,0.012253
1989-01-01,0.066803
1989-02-01,-0.031131
1989-03-01,0.016338
1989-04-01,0.045007000000000005
1989-05-01,0.033122
1989-06-01,-0.012711
1989-07-01,0.08305299999999999
1989-08-01,0.012452999999999999
1989-09-01,-0.010504
1989-10-01,-0.030439
1989-11-01,0.013579
1989-12-01,0.016557000000000002
1990-01-01,-0.073361
1990-02-01,0.007681000000000001
1990-03-01,0.020188
1990-04-01,-0.031404
1990-05-01,0.090619
1990-06-01,-0.013054
1990-07-01,-0.011254
1990-08-01,-0.097401
1990-09-01,-0.054959
1990-10-01,-0.010397
1990-11-01,0.058861
1990-12-01,0.021987
1991-01-01,0.039801
1991-02-01,0.066765
1991-03-01,0.019954
1991-04-01,-0.003032
1991-05-01,0.03823
1991-06-01,-0.049557000000000004
1991-07-01,0.041625999999999996
1991-08-01,0.019285
1991-09-01,-0.021461
1991-10-01,0.009257999999999999
1991-11-01,-0.044114
1991-12-01,0.110289
1992-01-01,-0.021748
1992-02-01,0.010065
1992-03-01,-0.02287
1992-04-01,0.025414
1992-05-01,0.0020499999999999997
1992-06-01,-0.01823
1992-07-01,0.037824
1992-08-01,-0.023215
1992-09-01,0.00874
1992-10-01,0.002496
1992-11-01,0.031493999999999994
1992-12-01,0.010579999999999999
1993-01-01,0.004982
1993-02-01,0.011326
1993-03-01,0.018702
1993-04-01,-0.026919
1993-05-01,0.024059
1993-06-01,0.0009659999999999998
1993-07-01,-0.006992999999999999
1993-08-01,0.034931
1993-09-01,-0.010182
1993-10-01,0.017684
1993-11-01,-0.011155
1993-12-01,0.010346
1994-01-01,0.030929
1994-02-01,-0.029261000000000002
1994-03-01,-0.046156
1994-04-01,0.010117000000000001
1994-05-01,0.013209
1994-06-01,-0.027861999999999998
1994-07-01,0.029914
1994-08-01,0.037641
1994-09-01,-0.027639999999999998
1994-10-01,0.018822
1994-11-01,-0.039948000000000004
1994-12-01,0.010554999999999998
1995-01-01,0.021799000000000002
1995-02-01,0.035227999999999995
1995-03-01,0.024734
1995-04-01,0.024995
1995-05-01,0.034408999999999995
1995-06-01,0.019455
1995-07-01,0.028904999999999997
1995-08-01,-0.0011979999999999994
1995-09-01,0.037802
1995-10-01,-0.008142
1995-11-01,0.039979
1995-12-01,0.012742999999999999
1996-01-01,0.030561000000000005
1996-02-01,0.006187999999999999
1996-03-01,0.005684999999999999
1996-04-01,0.010533
1996-05-01,0.021057000000000003
1996-06-01,0.00012799999999999964
1996-07-01,-0.048943
1996-08-01,0.017828
1996-09-01,0.051635
1996-10-01,0.022598
1996-11-01,0.07234099999999999
1996-12-01,-0.024398
1997-01-01,0.05832699999999999
1997-02-01,0.003852
1997-03-01,-0.045988
1997-04-01,0.055974
1997-05-01,0.056500999999999996
1997-06-01,0.040403
1997-07-01,0.076088
1997-08-01,-0.059075
1997-09-01,0.049486
1997-10-01,-0.036805000000000004
1997-11-01,0.042421
1997-12-01,0.012347
1998-01-01,0.0076939999999999995
1998-02-01,0.068056
1998-03-01,0.047436
1998-04-01,0.006975
1998-05-01,-0.021674
1998-06-01,0.03687
1998-07-01,-0.014109
1998-08-01,-0.147424
1998-09-01,0.058575999999999996
1998-10-01,0.07691100000000001
1998-11-01,0.059064
1998-12-01,0.055873
1999-01-01,0.0393
1999-02-01,-0.035434999999999994
1999-03-01,0.034679
1999-04-01,0.033859
1999-05-01,-0.026559
1999-06-01,0.050431000000000004
1999-07-01,-0.03402
1999-08-01,-0.008904
1999-09-01,-0.031979
1999-10-01,0.060338
1999-11-01,0.017222
1999-12-01,0.058178999999999995
2000-01-01,-0.05373
2000-02-01,-0.021758
2000-03-01,0.09378800000000001
2000-04-01,-0.036183
2000-05-01,-0.027304000000000002
2000-06-01,0.022219
2000-07-01,-0.017595
2000-08-01,0.057594
2000-09-01,-0.057188
2000-10-01,-0.009720000000000001
2000-11-01,-0.083368
2000-12-01,0.0007200000000000002
2001-01-01,0.026971999999999996
2001-02-01,-0.094752
2001-03-01,-0.067906
2001-04-01,0.073924
2001-05-01,0.0036589999999999995
2001-06-01,-0.027305
2001-07-01,-0.012317000000000002
2001-08-01,-0.06653500000000001
2001-09-01,-0.083161
2001-10-01,0.017339999999999998
2001-11-01,0.07708699999999999
2001-12-01,0.007551
2002-01-01,-0.015724000000000002
2002-02-01,-0.020780999999999997
2002-03-01,0.036272
2002-04-01,-0.062501
2002-05-01,-0.0092
2002-06-01,-0.07264899999999999
2002-07-01,-0.075487
2002-08-01,0.005660999999999999
2002-09-01,-0.110365
2002-10-01,0.087199
2002-11-01,0.057819
2002-12-01,-0.059933999999999994
2003-01-01,-0.027579
2003-02-01,-0.016146
2003-03-01,0.009308
2003-04-01,0.081774
2003-05-01,0.052351
2003-06-01,0.011816
2003-07-01,0.017232
2003-08-01,0.018897
2003-09-01,-0.011537
2003-10-01,0.05486
2003-11-01,0.008559
2003-12-01,0.05098
2004-01-01,0.018378000000000002
2004-02-01,0.013803
2004-03-01,-0.015882
2004-04-01,-0.016384
2004-05-01,0.013029
2004-06-01,0.018688
2004-07-01,-0.033954
2004-08-01,0.002707
2004-09-01,0.009717
2004-10-01,0.013873
2004-11-01,0.039058999999999996
2004-12-01,0.032134
2005-01-01,-0.025424000000000002
2005-02-01,0.019552
2005-03-01,-0.01934
2005-04-01,-0.021026
2005-05-01,0.029594000000000002
2005-06-01,-0.000583
2005-07-01,0.034964
2005-08-01,-0.012159
2005-09-01,0.005167
2005-10-01,-0.018372
2005-11-01,0.035189
2005-12-01,-0.0032600000000000003
2006-01-01,0.022942
2006-02-01,-0.0009750000000000002
2006-03-01,0.009209
2006-04-01,0.008464
2006-05-01,-0.032619
2006-06-01,-0.002413
2006-07-01,0.0015710000000000003
2006-08-01,0.019950000000000002
2006-09-01,0.022387
2006-10-01,0.028427
2006-11-01,0.014185
2006-12-01,0.009768
2007-01-01,0.010912999999999999
2007-02-01,-0.023088
2007-03-01,0.006593999999999999
2007-04-01,0.039591
2007-05-01,0.030358999999999997
2007-06-01,-0.02062
2007-07-01,-0.035197
2007-08-01,0.010894000000000001
2007-09-01,0.034268
2007-10-01,0.01416
2007-11-01,-0.044782
2007-12-01,-0.008816000000000001
2008-01-01,-0.063266
2008-02-01,-0.032719000000000005
2008-03-01,-0.0051
2008-04-01,0.046828999999999996
2008-05-01,0.011186
2008-06-01,-0.084542
2008-07-01,-0.008806
2008-08-01,0.013655
2008-09-01,-0.086967
2008-10-01,-0.16777999999999998
2008-11-01,-0.07381199999999999
2008-12-01,0.011995
2009-01-01,-0.082615
2009-02-01,-0.103688
2009-03-01,0.087434
2009-04-01,0.09412999999999999
2009-05-01,0.05464
2009-06-01,0.002376
2009-07-01,0.074382
2009-08-01,0.034650999999999994
2009-09-01,0.036433999999999994
2009-10-01,-0.018259
2009-11-01,0.060257
2009-12-01,0.018883
2010-01-01,-0.035751
2010-02-01,0.030424
2010-03-01,0.060913999999999996
2010-04-01,0.015877000000000002
2010-05-01,-0.080211
2010-06-01,-0.053625000000000006
2010-07-01,0.070351
2010-08-01,-0.045534000000000005
2010-09-01,0.090283
2010-10-01,0.038625999999999994
2010-11-01,-0.000151
2010-12-01,0.066955
2011-01-01,0.023249000000000002
2011-02-01,0.032408
2011-03-01,0.000525
2011-04-01,0.029441
2011-05-01,-0.011313
2011-06-01,-0.016545
2011-07-01,-0.019828
2011-08-01,-0.054423000000000006
2011-09-01,-0.070238
2011-10-01,0.109014
2011-11-01,-0.002727
2011-12-01,0.009427
2012-01-01,0.045205
2012-02-01,0.043341
2012-03-01,0.032866
2012-04-01,-0.006034
2012-05-01,-0.059890000000000006
2012-06-01,0.041465
2012-07-01,0.014363
2012-08-01,0.022644
2012-09-01,0.02502
2012-10-01,-0.017936999999999998
2012-11-01,0.005226
2012-12-01,0.008408
2013-01-01,0.052361
2013-02-01,0.013013
2013-03-01,0.037584
2013-04-01,0.019621
2013-05-01,0.02312
2013-06-01,-0.013601
2013-07-01,0.050672
2013-08-01,-0.029207
2013-09-01,0.03166
2013-10-01,0.046268
2013-11-01,0.030817
2013-12-01,0.02595
2014-01-01,-0.034666
2014-02-01,0.045757
2014-03-01,0.008056
2014-04-01,0.006555
2014-05-01,0.023309
2014-06-01,0.020635
2014-07-01,-0.013974
2014-08-01,0.039777
2014-09-01,-0.013928
2014-10-01,0.023972
2014-11-01,0.027631
2014-12-01,-0.002473
2015-01-01,-0.02943
2015-02-01,0.056976
2015-03-01,-0.014993
2015-04-01,0.009101
2015-05-01,0.012522
2015-06-01,-0.019343
2015-07-01,0.021297
2015-08-01,-0.060073
2015-09-01,-0.024547
2015-10-01,0.083449
2015-11-01,0.003373
2015-12-01,-0.015347
2016-01-01,-0.0492
2016-02-01,-0.0019420000000000001
2016-03-01,0.06713999999999999
2016-04-01,0.003647
2016-05-01,0.018387
2016-06-01,0.0024749999999999998
2016-07-01,0.036371
2016-08-01,0.001047
2016-09-01,0.000246
2016-10-01,-0.018144
2016-11-01,0.035711999999999994
2016-12-01,0.018903999999999997
2017-01-01,0.018983999999999997
2017-02-01,0.039059
2017-03-01,0.0013650000000000001
2017-04-01,0.010091
2017-05-01,0.013952
2017-06-01,0.005198
2017-07-01,0.019996
2017-08-01,0.001338
2017-09-01,0.019149999999999997
2017-10-01,0.023232
2017-11-01,0.030589
2017-12-01,0.010249
2018-01-01,0.056960000000000004
2018-02-01,-0.038761
2018-03-01,-0.026659
2018-04-01,0.0023699999999999997
2018-05-01,0.022400000000000003
2018-06-01,0.0054399999999999995
2018-07-01,0.035544000000000006
2018-08-01,0.031338000000000005
2018-09-01,0.003638
2018-10-01,-0.070309
2018-11-01,0.017952
2018-12-01,-0.092546
2019-01-01,0.07930899999999999
2019-02-01,0.029908
2019-03-01,0.017631
2019-04-01,0.038529
2019-05-01,-0.065287
2019-06-01,0.067761
2019-07-01,0.012702999999999999
2019-08-01,-0.017685
2019-09-01,0.016991
2019-10-01,0.020121
2019-11-01,0.035006
2019-12-01,0.028387000000000003
2020-01-01,-0.001192
2020-02-01,-0.08307200000000001
2020-03-01,-0.123197
2020-04-01,0.12889
2020-05-01,0.047717999999999997
2020-06-01,0.020248000000000002
2020-07-01,0.05681
2020-08-01,0.07196799999999999
2020-09-01,-0.038251
2020-10-01,-0.026508999999999998
2020-11-01,0.109304
2020-12-01,0.041471999999999995
2021-01-01,-0.010052
2021-02-01,0.026104
2021-03-01,0.043314
2021-04-01,0.053904
2021-05-01,0.006208
2021-06-01,0.023682
2021-07-01,0.024305
2021-08-01,0.0306
2021-09-01,-0.046077
2021-10-01,0.07051
2021-11-01,-0.0073560000000000006
2021-12-01,0.043485
2022-01-01,-0.052243
2022-02-01,-0.029293
2022-03-01,0.037825
2022-04-01,-0.087676
2022-05-01,7.400000000000001e-05
2022-06-01,-0.08228300000000001
2022-07-01,0.09296600000000001
2022-08-01,-0.042194999999999996
2022-09-01,-0.093395
2022-10-01,0.077948
2022-11-01,0.051265
2022-12-01,-0.062084
2023-01-01,0.06031
2023-02-01,-0.027665
2023-03-01,0.033879
2023-04-01,0.011515000000000001
2023-05-01,0.001706
2023-06-01,0.062952
2023-07-01,0.0272
2023-08-01,-0.019924
2023-09-01,-0.051865999999999995
2023-10-01,-0.02574
2023-11-01,0.086404
2023-12-01,0.041206
2024-01-01,0.011131000000000002
2024-02-01,0.048831
2024-03-01,0.027911
2024-04-01,-0.0445
2024-05-01,0.045031
2024-06-01,0.033099
2024-07-01,0.007648
2024-08-01,0.019483
2024-09-01,0.018821
2024-10-01,-0.01259
2024-11-01,0.05642
2024-12-01,-0.027145000000000002
